terminacion,acento,casos,acuerdo
tionibus,3,111,1.0000
ientibus,3,47,1.0000
rationem,2,40,1.0000
raverunt,2,37,1.0000
taverunt,2,36,1.0000
tantibus,3,34,1.0000
tissimam,3,34,1.0000
tissimus,3,33,1.0000
tationem,2,33,1.0000
dentibus,3,33,1.0000
tissimum,3,31,1.0000
cationem,2,28,1.0000
atoribus,3,27,1.0000
uentibus,3,27,1.0000
rantibus,3,26,1.0000
tationis,2,26,1.0000
rationis,2,25,1.0000
caverunt,2,25,1.0000
itatibus,3,25,1.0000
tissimis,3,25,1.0000
entibus,3,222,1.0000
averunt,2,202,1.0000
ationem,2,195,1.0000
ionibus,3,141,1.0000
ationis,2,139,1.0000
antibus,3,135,1.0000
ationes,2,81,1.0000
issimam,3,68,1.0000
issimum,3,64,1.0000
tatione,2,60,1.0000
issimus,3,59,1.0000
toribus,3,59,1.0000
issimis,3,48,1.0000
tissima,3,48,1.0000
tissime,3,47,1.0000
ratione,2,42,1.0000
issimae,3,41,1.0000
tatibus,3,37,1.0000
tabatur,2,35,1.0000
ioribus,3,34,1.0000
averint,3,34,1.0000
itionem,2,33,1.0000
litatem,2,33,1.0000
deretur,2,32,1.0000
ctionem,2,32,1.0000
tissimo,3,31,1.0000
ationum,2,30,1.0000
ctionis,2,30,1.0000
itionis,2,28,1.0000
itudine,3,28,1.0000
catione,2,27,1.0000
tudinem,3,27,1.0000
entorum,2,27,1.0000
issimos,3,26,1.0000
rabitur,3,26,1.0000
nitatem,2,26,1.0000
litatis,2,26,1.0000
latione,2,26,1.0000
tudinis,3,25,1.0000
ceretur,2,25,1.0000
natione,2,25,1.0000
raverat,3,25,1.0000
ntibus,3,368,1.0000
tionem,2,316,1.0000
atione,2,238,1.0000
tionis,2,233,1.0000
verunt,2,229,1.0000
eretur,2,200,1.0000
onibus,3,158,1.0000
oribus,3,142,1.0000
itatem,2,142,1.0000
aretur,2,142,1.0000
abitur,3,138,1.0000
itatis,2,126,1.0000
ebatur,2,125,1.0000
tiones,2,117,1.0000
uerunt,2,115,1.0000
abatur,2,113,1.0000
averit,3,111,1.0000
issima,3,96,1.0000
issime,3,87,1.0000
averat,3,87,1.0000
issimo,3,73,1.0000
ssimam,3,69,1.0000
ssimum,3,65,1.0000
xerunt,2,62,1.0000
atibus,3,57,1.0000
sionem,2,57,1.0000
atorum,2,51,1.0000
abilis,3,50,1.0000
ssimis,3,49,1.0000
aturus,2,47,1.0000
tionum,2,47,1.0000
atores,2,45,1.0000
alibus,3,44,1.0000
issimi,3,43,1.0000
ssimae,3,42,1.0000
debant,2,42,1.0000
avimus,3,42,1.0000
ierunt,2,41,1.0000
verint,3,40,1.0000
ctione,2,40,1.0000
atorem,2,39,1.0000
icavit,2,37,1.0000
itione,2,36,1.0000
ilibus,3,34,1.0000
abilem,3,34,1.0000
iebant,2,34,1.0000
sionis,2,34,1.0000
eratur,2,33,1.0000
tudine,3,32,1.0000
eremus,2,31,1.0000
litate,2,31,1.0000
inibus,3,31,1.0000
tabant,2,31,1.0000
averis,3,30,1.0000
siones,2,30,1.0000
ntorum,2,30,1.0000
iliter,3,29,1.0000
icitur,3,29,1.0000
icatus,2,29,1.0000
eravit,2,28,1.0000
icorum,2,28,1.0000
itates,2,28,1.0000
eratus,2,27,1.0000
ssimos,3,27,1.0000
udinem,3,27,1.0000
aliter,3,27,1.0000
ndebat,2,27,1.0000
rabant,2,27,1.0000
anorum,2,27,1.0000
sceret,3,27,1.0000
abimus,3,27,1.0000
inorum,2,26,1.0000
gebant,2,26,1.0000
eramus,2,26,1.0000
aberis,3,26,1.0000
udinis,3,25,1.0000
eribus,3,25,1.0000
abiles,3,25,1.0000
itavit,2,25,1.0000
tibus,3,497,1.0000
ionem,2,392,1.0000
retur,2,391,1.0000
tione,2,366,1.0000
ionis,2,310,0.9968
batur,2,244,1.0000
nibus,3,208,1.0000
ebant,2,207,1.0000
ribus,3,202,1.0000
tatis,2,167,1.0000
tatem,2,167,1.0000
bitur,3,157,1.0000
iones,2,155,1.0000
itate,2,153,1.0000
torum,2,152,1.0000
ravit,2,114,1.0000
erint,3,111,1.0000
tavit,2,101,1.0000
ssima,3,97,1.0000
iorum,2,95,1.0000
turus,2,93,1.0000
libus,3,93,1.0000
norum,2,92,1.0000
tores,2,90,1.0000
ssime,3,88,1.0000
ratus,2,80,1.0000
simum,3,80,1.0000
tatur,2,80,1.0000
amini,3,79,1.0000
ratur,2,77,1.0000
ssimo,3,74,1.0000
tatus,2,74,1.0000
simam,3,72,1.0000
bilis,3,71,1.0000
iorem,2,71,1.0000
iores,2,71,1.0000
iatur,2,66,1.0000
ionum,2,65,1.0000
tatum,2,63,1.0000
vimus,3,60,1.0000
liter,3,60,1.0000
remus,2,59,1.0000
cavit,2,59,1.0000
debat,2,57,1.0000
citur,3,56,1.0000
itati,2,55,1.0000
iebat,2,55,1.0000
bilem,3,52,1.0000
navit,2,52,1.0000
uerat,3,51,1.0000
catus,2,50,1.0000
simis,3,50,1.0000
lorum,2,50,1.0000
ramus,2,49,1.0000
natus,2,49,1.0000
tabat,2,49,1.0000
latus,2,49,1.0000
raret,2,48,1.0000
arunt,2,48,1.0000
iamus,2,47,1.0000
catur,2,47,1.0000
culum,3,46,1.0000
biles,3,46,1.0000
taret,2,45,1.0000
tetur,2,44,1.0000
simae,3,44,1.0000
ssimi,3,44,1.0000
bimus,3,44,1.0000
serit,3,42,1.0000
ietur,2,42,1.0000
cetur,2,41,1.0000
tates,2,41,1.0000
ioris,2,41,1.0000
rabat,2,41,1.0000
eatur,2,41,1.0000
natur,2,40,1.0000
iarum,2,40,1.0000
eamus,2,40,1.0000
ianus,2,40,1.0000
emini,3,39,1.0000
rorum,2,39,1.0000
detur,2,39,1.0000
cibus,3,39,1.0000
gebat,2,38,1.0000
dinem,3,38,1.0000
cebat,2,38,1.0000
serat,3,37,1.0000
ianum,2,37,1.0000
datur,2,36,1.0000
natis,2,36,1.0000
natum,2,36,1.0000
tamus,2,35,1.0000
turam,2,35,1.0000
latum,2,35,1.0000
xerit,3,35,1.0000
catum,2,34,1.0000
culis,3,33,1.0000
uatur,2,33,1.0000
gatur,2,33,1.0000
abile,3,33,1.0000
narum,2,33,1.0000
derit,3,32,1.0000
udine,3,32,1.0000
damus,2,31,1.0000
lavit,2,31,1.0000
icare,2,31,1.0000
rabit,2,31,1.0000
uimus,3,30,1.0000
derat,3,30,1.0000
tiani,2,30,1.0000
latur,2,30,1.0000
uitur,3,30,1.0000
abili,3,29,1.0000
toque,2,28,1.0000
catis,2,28,1.0000
remur,2,28,1.0000
rebat,2,28,1.0000
ebunt,2,28,1.0000
sibus,3,27,1.0000
simos,3,27,1.0000
gimus,3,27,1.0000
xerat,3,27,1.0000
sorum,2,27,1.0000
iavit,2,27,1.0000
temus,2,26,1.0000
gavit,2,26,1.0000
erata,2,26,1.0000
icata,2,26,1.0000
cabat,2,26,1.0000
ietis,2,26,1.0000
tabit,2,26,1.0000
camus,2,25,1.0000
erare,2,25,1.0000
mavit,2,25,1.0000
esimo,3,25,1.0000
latis,2,25,1.0000
cabit,2,25,1.0000
dibus,3,25,1.0000
ibus,3,1130,1.0000
atur,2,787,1.0000
etur,2,687,1.0000
avit,2,520,1.0000
ione,2,458,0.9978
erit,3,401,0.9950
ebat,2,326,1.0000
emus,2,227,1.0000
abat,2,205,0.9951
tate,2,198,1.0000
atem,2,172,1.0000
iani,2,135,1.0000
iter,3,123,1.0000
emur,2,119,1.0000
urus,2,114,1.0000
sima,3,105,1.0000
tati,2,100,1.0000
simo,3,99,1.0000
imam,3,98,1.0000
ator,2,97,1.0000
sime,3,88,1.0000
ulum,3,87,1.0000
ulis,3,83,1.0000
rare,2,76,1.0000
iano,2,71,1.0000
ivit,2,64,1.0000
ebit,2,64,1.0000
simi,3,64,1.0000
imae,3,60,1.0000
inem,3,55,1.0000
iret,2,54,1.0000
bile,3,54,1.0000
rari,2,52,1.0000
care,2,48,1.0000
ates,2,47,1.0000
culo,3,46,1.0000
cata,2,43,1.0000
ebam,2,43,1.0000
dine,3,42,1.0000
iora,2,41,1.0000
lata,2,41,1.0000
osus,2,40,1.0000
imas,3,40,1.0000
nare,2,40,1.0000
ales,2,39,1.0000
mine,3,38,1.0000
imos,3,38,1.0000
iori,2,38,1.0000
nati,2,38,1.0000
ulos,3,38,1.0000
cula,3,35,1.0000
cati,2,35,1.0000
ulas,3,35,1.0000
nata,2,34,1.0000
ulam,3,34,1.0000
ulae,3,33,1.0000
rato,2,33,1.0000
uros,2,30,1.0000
ecit,2,29,1.0000
idum,3,29,1.0000
lare,2,28,1.0000
culi,3,28,1.0000
rate,2,28,1.0000
tudo,2,28,1.0000
nari,2,28,1.0000
lati,2,27,1.0000
erim,3,26,1.0000
ulit,3,26,1.0000
osum,2,26,1.0000
utis,2,26,1.0000
gata,2,26,1.0000
poli,3,25,1.0000
osae,2,25,1.0000
cabo,2,25,1.0000
vit,2,617,1.0000
ter,3,127,1.0000
ula,3,79,1.0000
ire,2,75,1.0000
osa,2,41,1.0000
iri,2,40,1.0000
atu,2,40,1.0000
ale,2,39,1.0000
sae,2,37,1.0000
sit,2,35,1.0000
ivi,2,33,1.0000
sam,2,32,1.0000
lit,3,30,1.0000
eta,2,28,1.0000
udo,2,28,1.0000
ose,2,27,1.0000
oso,2,26,1.0000
ebo,2,26,1.0000
