forma,acento,nota
abraham,3,"el Salterio imprime Ábraham (9 veces); los propios de los santos lo dejan desnudo (144), y aqui manda el Salterio porque es Escritura"
abrahae,3,igual que Ábraham
sancitum,2,"sancitum lleva i larga; el uso liturgico solo tiene un testigo y Morpheus la lee breve"
circuiens,2,circu-iens: la u hace silaba con la i
nineve,3,"la Clementina escribe Ninive y el uso liturgico imprime Nínive (13 testigos); la Nova Vulgata escribe Nineve"
nineven,3,como Níniven
ninevitae,2,como Ninivítae
beelzebul,3,"la Clementina escribe Beelzebub y el uso imprime Beélzebub (11 testigos)"
josophat,3,"como Iósaphat (26 testigos), que es la misma grafia con a"
nephthalim,3,como Néphthali (3 testigos)
cleopas,3,"la Clementina escribe Cleophas y el uso imprime Cléophas"
betsabee,2,como Bethsabée (11 testigos)
omega,3,"omega, del griego o mega: antepenultima"
arabum,3,"el uso solo la deja desnuda en rubricas y encabezamientos; es palabra latina corriente"
asia,3,idem
asiae,3,idem
ephesum,3,"como Éphesi, que las cantidades clasicas confirman"
epheso,3,idem
aquilam,3,Aquila lleva penultima breve
africam,3,"el uso la deja desnuda en el Martirologio, no en la Escritura"
angelo,3,palabra latina corriente
exodi,3,palabra latina corriente
actuum,3,palabra latina corriente
eiicite,3,"ejicite: imperativo de la 3a, penultima breve"
eicite,3,igual en la grafia de la Nova Vulgata
venundari,3,"como venúmdari (4 testigos), que es la misma palabra con m"
iubilent,3,"iubilo lleva penultima breve, como iúbilat"
