forma,uso,cantidad,apar_uso,hiato,elegido,motivo
ipsius,2,3,727,si,2,hiato: manda el uso
mariae,2,3,721,si,2,hiato: manda el uso
maria,2,3,698,si,2,hiato: manda el uso
illius,2,3,581,si,2,hiato: manda el uso
alexandriae,2,3,250,si,2,hiato: manda el uso
antiochiae,2,3,177,si,2,hiato: manda el uso
mariam,2,3,175,si,2,hiato: manda el uso
diei,2,3,154,si,2,hiato: manda el uso
caesareae,2,3,150,si,2,hiato: manda el uso
totius,2,3,120,si,2,hiato: manda el uso
unius,2,3,98,si,2,hiato: manda el uso
elias,2,3,75,si,2,hiato: manda el uso
prophetiae,2,3,73,si,2,hiato: manda el uso
zachariae,2,3,57,si,2,hiato: manda el uso
eliae,2,3,52,si,2,hiato: manda el uso
isaia,2,3,38,si,2,hiato: manda el uso
isaiae,2,3,38,si,2,hiato: manda el uso
ieremiae,2,3,36,si,2,hiato: manda el uso
isaias,2,3,34,si,2,hiato: manda el uso
paraclitus,3,2,33,no,3,uso bien atestiguado
prophetia,2,3,31,si,2,hiato: manda el uso
eliam,2,3,26,si,2,hiato: manda el uso
samariae,2,3,24,si,2,hiato: manda el uso
zacharias,2,3,22,si,2,hiato: manda el uso
tobiae,2,3,22,si,2,hiato: manda el uso
plateis,2,3,21,si,2,hiato: manda el uso
samaria,2,3,21,si,2,hiato: manda el uso
tobias,2,3,21,si,2,hiato: manda el uso
solius,2,3,19,si,2,hiato: manda el uso
antiochiam,2,3,19,si,2,hiato: manda el uso
zachariam,2,3,18,si,2,hiato: manda el uso
paraclitum,3,2,18,no,3,uso bien atestiguado
deducis,2,3,17,no,2,uso bien atestiguado
isaiam,2,3,16,si,2,hiato: manda el uso
samariam,2,3,16,si,2,hiato: manda el uso
caesaream,2,3,15,si,2,hiato: manda el uso
ezechias,2,3,14,si,2,hiato: manda el uso
zacharia,2,3,14,si,2,hiato: manda el uso
nullius,2,3,13,si,2,hiato: manda el uso
platea,2,3,13,si,2,hiato: manda el uso
ieremiam,2,3,13,si,2,hiato: manda el uso
istius,2,3,12,si,2,hiato: manda el uso
ieremia,2,3,10,si,2,hiato: manda el uso
alicuius,2,3,10,no,2,uso bien atestiguado
ieremias,2,3,10,si,2,hiato: manda el uso
ezechiae,2,3,10,si,2,hiato: manda el uso
idololatriae,2,3,9,si,2,hiato: manda el uso
arius,2,3,9,si,2,hiato: manda el uso
philosophiam,2,3,9,si,2,hiato: manda el uso
philadelphiae,2,3,8,si,2,hiato: manda el uso
cuidam,2,3,8,no,2,uso bien atestiguado
faciei,2,3,8,si,2,hiato: manda el uso
azymis,3,2,8,no,3,uso bien atestiguado
azymos,3,2,7,no,3,uso bien atestiguado
caesarea,2,3,7,si,2,hiato: manda el uso
tobiam,2,3,7,si,2,hiato: manda el uso
nicolaum,2,3,6,si,2,hiato: manda el uso
candacis,2,3,5,no,2,uso bien atestiguado
iudaica,3,2,5,no,3,uso bien atestiguado
persidis,3,2,5,no,3,uso bien atestiguado
antiochia,2,3,5,si,2,hiato: manda el uso
archelaus,2,3,5,si,2,hiato: manda el uso
venumdari,3,2,4,no,3,uso bien atestiguado
elia,2,3,4,si,2,hiato: manda el uso
iudaici,3,2,4,no,3,uso bien atestiguado
cuique,2,3,4,no,2,uso bien atestiguado
azyma,3,2,4,no,3,uso bien atestiguado
deduci,2,3,4,no,2,uso bien atestiguado
amasia,2,3,3,si,2,hiato: manda el uso
ephesi,2,3,3,no,3,uso con pocos testigos: manda la cantidad
messiam,2,3,3,si,2,hiato: manda el uso
confirmandam,3,2,3,no,2,uso con pocos testigos: manda la cantidad
arbori,2,3,3,no,3,uso con pocos testigos: manda la cantidad
plateae,2,3,3,si,2,hiato: manda el uso
coniugum,2,3,3,no,3,uso con pocos testigos: manda la cantidad
butyrum,2,3,3,no,3,uso con pocos testigos: manda la cantidad
adonia,2,3,3,si,2,hiato: manda el uso
iudaicae,3,2,2,no,2,uso con pocos testigos: manda la cantidad
gratuita,3,2,2,no,2,uso con pocos testigos: manda la cantidad
plateam,2,3,2,si,2,hiato: manda el uso
elata,2,3,2,no,3,uso con pocos testigos: manda la cantidad
egeo,2,3,2,si,2,hiato: manda el uso
chorea,2,3,2,si,2,hiato: manda el uso
prophetias,2,3,2,si,2,hiato: manda el uso
favillae,3,2,2,no,2,uso con pocos testigos: manda la cantidad
introeat,3,2,2,si,3,hiato: manda el uso
iudaicis,3,2,2,no,2,uso con pocos testigos: manda la cantidad
elatae,2,3,2,no,3,uso con pocos testigos: manda la cantidad
tobia,2,3,2,si,2,hiato: manda el uso
bilibres,3,2,1,no,2,uso con pocos testigos: manda la cantidad
speculatoris,3,2,1,no,2,uso con pocos testigos: manda la cantidad
disputem,2,3,1,no,3,uso con pocos testigos: manda la cantidad
menelaus,2,3,1,si,2,hiato: manda el uso
accersiit,2,3,1,si,2,hiato: manda el uso
inferrentur,3,2,1,no,2,uso con pocos testigos: manda la cantidad
finitus,3,2,1,no,2,uso con pocos testigos: manda la cantidad
munimen,3,2,1,no,2,uso con pocos testigos: manda la cantidad
inguine,4,3,1,no,3,uso con pocos testigos: manda la cantidad
ezechiam,2,3,1,si,2,hiato: manda el uso
apameam,2,3,1,si,2,hiato: manda el uso
abietes,2,3,1,no,3,uso con pocos testigos: manda la cantidad
finita,3,2,1,no,2,uso con pocos testigos: manda la cantidad
darium,2,3,1,si,2,hiato: manda el uso
chaereas,2,3,1,si,2,hiato: manda el uso
exoritur,3,2,1,no,2,uso con pocos testigos: manda la cantidad
bilibris,3,2,1,no,2,uso con pocos testigos: manda la cantidad
darius,2,3,1,si,2,hiato: manda el uso
genealogiis,2,3,1,si,2,hiato: manda el uso
porriges,2,3,1,no,3,uso con pocos testigos: manda la cantidad
appiae,2,3,1,si,2,hiato: manda el uso
diuitem,4,3,1,no,3,uso con pocos testigos: manda la cantidad
introeas,3,2,1,si,3,hiato: manda el uso
epaphrodito,3,2,1,no,2,uso con pocos testigos: manda la cantidad
appendere,3,2,1,no,2,uso con pocos testigos: manda la cantidad
sancitum,2,3,1,no,3,uso con pocos testigos: manda la cantidad
fulgeret,2,3,1,no,3,uso con pocos testigos: manda la cantidad
oriona,3,2,1,no,2,uso con pocos testigos: manda la cantidad
magiis,2,3,1,si,2,hiato: manda el uso
circumit,2,3,1,no,3,uso con pocos testigos: manda la cantidad
