forma,propuesta,apariciones,motivo
Meriba,Meríba,17,sin fundamento
ieiunabunt,ieiunábunt,8,sin fundamento
sadducaeorum,sadducaeórum,7,sin fundamento
Noemi,Noémi,7,sin fundamento
inveniaris,inveniáris,6,sin fundamento
rebellavi,rebellávi,5,sin fundamento
Iosetis,Iosétis,5,sin fundamento
Nazarene,Nazaréne,5,sin fundamento
evigilavero,evigilavéro,5,sin fundamento
Gennesaret,Gennesáret,5,sin fundamento
Iezrahelitae,Iezrahelítae,5,sin fundamento
Antecede,Antecéde,4,sin fundamento
exsuscitem,exsuscítem,4,sin fundamento
Parascevem,Parascévem,4,sin fundamento
Iscariotis,Iscariótis,4,sin fundamento
indurabo,indurábo,4,sin fundamento
divisaque,divisáque,4,sin fundamento
fundabo,fundábo,4,sin fundamento
proselytum,proselýtum,4,sin fundamento
dilexeritis,dilexerítis,4,sin fundamento
Raphidim,Raphídim,4,sin fundamento
sanctifices,sanctifíces,4,sin fundamento
evangelizavero,evangelizavéro,4,sin fundamento
Iairus,Iaírus,4,sin fundamento
Talitha,Talítha,4,sin fundamento
Amorraeorum,Amorraeórum,4,sin fundamento
uxorern,uxórern,4,sin fundamento
diffficile,diffficíle,4,sin fundamento
decimatis,decimátis,4,sin fundamento
benedicetis,benedicétis,3,sin fundamento
abscondebamus,abscondebámus,3,sin fundamento
plagatum,plagátum,3,sin fundamento
Cleopae,Cleópae,3,sin fundamento
sapphiris,sapphíris,3,sin fundamento
Elamitae,Elamítae,3,sin fundamento
Cyrenem,Cyrénem,3,sin fundamento
Bariona,Barióna,3,sin fundamento
Ligate,Ligáte,3,sin fundamento
Contremiscite,Contremiscíte,3,sin fundamento
congregas,congrégas,3,sin fundamento
congrego,congrégo,3,sin fundamento
glorificarent,glorificárent,3,sin fundamento
Effetha,Effétha,3,sin fundamento
tractabatis,tractabátis,3,sin fundamento
disputaverant,disputavérant,3,sin fundamento
prohibebamus,prohibebámus,3,sin fundamento
Ierichum,Ieríchum,3,sin fundamento
municipatus,municipátus,3,sin fundamento
reinvitent,reinvítent,3,sin fundamento
delibor,delíbor,3,sin fundamento
lacrimata,lacrimáta,3,sin fundamento
supersubstantialem,supersubstantiálem,3,sin fundamento
ieiunamus,ieiunámus,3,sin fundamento
Moabitide,Moabitíde,3,sin fundamento
Ninevitis,Ninevítis,3,sin fundamento
Cainan,Caínan,3,sin fundamento
Bethfage,Bethfáge,2,sin fundamento
clamydem,clamýdem,2,sin fundamento
clamyde,clamýde,2,sin fundamento
gradiaris,gradiáris,2,sin fundamento
participamur,participámur,2,sin fundamento
sublimita,sublimíta,2,sin fundamento
oboedieritis,oboedierítis,2,sin fundamento
complanans,complánans,2,sin fundamento
germini,germíni,2,sin fundamento
supervincimus,supervincímus,2,sin fundamento
propitiabor,propitiábor,2,sin fundamento
Bethsatha,Bethsátha,2,sin fundamento
portabam,portábam,2,sin fundamento
Adama,Adáma,2,sin fundamento
lactabo,lactábo,2,sin fundamento
Bucinate,Bucináte,2,sin fundamento
squamatum,squamátum,2,sin fundamento
murmurarent,murmurárent,2,sin fundamento
impleretis,implerétis,2,sin fundamento
iustaque,iustáque,2,sin fundamento
concupi,concúpi,2,sin fundamento
hinnite,hinníte,2,sin fundamento
personate,personáte,2,sin fundamento
Ephratha,Ephrátha,2,sin fundamento
haesitarent,haesitárent,2,sin fundamento
recordatae,recordátae,2,sin fundamento
haurierant,hauriérant,2,sin fundamento
Hasbadana,Hasbadána,2,sin fundamento
Abdemelech,Abdemélech,2,sin fundamento
argueris,arguéris,2,sin fundamento
effundebas,effundébas,2,sin fundamento
conteritis,conterítis,2,sin fundamento
imminuamus,imminuámus,2,sin fundamento
supponamus,supponámus,2,sin fundamento
stateras,statéras,2,sin fundamento
manifestarent,manifestárent,2,sin fundamento
superscribam,superscríbam,2,sin fundamento
Dalmanutha,Dalmanútha,2,sin fundamento
peccatrice,peccatríce,2,sin fundamento
caeciderunt,caecidérunt,2,sin fundamento
Nineves,Ninéves,2,sin fundamento
Machpela,Machpéla,2,sin fundamento
femoris,femóris,2,sin fundamento
Gomorraeorum,Gomorraeórum,2,sin fundamento
resplendere,resplendére,2,sin fundamento
cibarem,cibárem,2,sin fundamento
saturarem,saturárem,2,sin fundamento
lunaticus,lunatícus,2,sin fundamento
Misique,Misíque,2,sin fundamento
Elimelech,Elimélech,2,sin fundamento
intratis,intrátis,2,sin fundamento
paropsidis,paropsídis,2,sin fundamento
dealbatis,dealbátis,2,sin fundamento
paeniterent,paenitérent,2,sin fundamento
tangitis,tangítis,2,sin fundamento
exactori,exactóri,2,sin fundamento
synagogarum,synagogárum,2,sin fundamento
elevaris,eleváris,2,sin fundamento
Balthasar,Balthásar,2,sin fundamento
addecimabit,addecimábit,2,sin fundamento
Beniaminita,Beniaminíta,2,sin fundamento
maledicens,maledícens,2,sin fundamento
exterminaveram,exterminavéram,2,sin fundamento
transmigrabis,transmigrábis,2,sin fundamento
velabis,velábis,2,sin fundamento
sanctificabunt,sanctificábunt,2,sin fundamento
auxiliabor,auxiliábor,2,sin fundamento
decalvatis,decalvátis,2,sin fundamento
Matthatha,Matthátha,2,sin fundamento
rogabitis,rogabítis,2,sin fundamento
Maccabaeorum,Maccabaeórum,2,sin fundamento
glorificetis,glorificétis,1,sin fundamento
permundabit,permundábit,1,sin fundamento
corbanam,corbánam,1,sin fundamento
vincebatis,vincebátis,1,sin fundamento
ligate,ligáte,1,sin fundamento
recesseritis,recesserítis,1,sin fundamento
muratum,murátum,1,sin fundamento
commonebis,commonébis,1,sin fundamento
commonueris,commonuéris,1,sin fundamento
inimicari,inimicári,1,sin fundamento
nocebitis,nocebítis,1,sin fundamento
laeseritis,laeserítis,1,sin fundamento
violans,viólans,1,sin fundamento
dominareris,dominaréris,1,sin fundamento
Hierosolymitae,Hierosolymítae,1,sin fundamento
antitypum,antitýpum,1,sin fundamento
subsannabant,subsannábant,1,sin fundamento
glorificavi,glorificávi,1,sin fundamento
Hierosolymae,Hierosolýmae,1,sin fundamento
dissuta,dissúta,1,sin fundamento
humiliavi,humiliávi,1,sin fundamento
eiecero,eiecéro,1,sin fundamento
Baalsalisa,Baalsalísa,1,sin fundamento
addetis,addétis,1,sin fundamento
prophetarent,prophetárent,1,sin fundamento
multipliceris,multiplicéris,1,sin fundamento
portatos,portátos,1,sin fundamento
Obumbrabunt,Obumbrábunt,1,sin fundamento
concutiatis,concutiátis,1,sin fundamento
exodum,exódum,1,sin fundamento
quadrigam,quadrígam,1,sin fundamento
myriades,myriádes,1,sin fundamento
myriadum,myriádum,1,sin fundamento
cophini,cophíni,1,sin fundamento
percussura,percussúra,1,sin fundamento
peripsemata,peripsemáta,1,sin fundamento
lugebatis,lugebátis,1,sin fundamento
malefecerunt,malefecérunt,1,sin fundamento
Aethiopi,Aethiópi,1,sin fundamento
conicimus,conicímus,1,sin fundamento
phialis,phiális,1,sin fundamento
burdonum,burdónum,1,sin fundamento
similari,similári,1,sin fundamento
hereditant,heredítant,1,sin fundamento
consummabo,consummábo,1,sin fundamento
pullulate,pulluláte,1,sin fundamento
abripieris,abripiéris,1,sin fundamento
eucharis,eucháris,1,sin fundamento
odito,odíto,1,sin fundamento
demoreris,demoréris,1,sin fundamento
apparebis,apparébis,1,sin fundamento
formident,formídent,1,sin fundamento
oberrarem,oberrárem,1,sin fundamento
Colluctata,Colluctáta,1,sin fundamento
pranderem,prandérem,1,sin fundamento
Achicarus,Achicárus,1,sin fundamento
ploravi,plorávi,1,sin fundamento
suffocas,suffócas,1,sin fundamento
fruita,fruíta,1,sin fundamento
improperent,impropérent,1,sin fundamento
desquamare,desquamáre,1,sin fundamento
decoriabit,decoriábit,1,sin fundamento
decantetis,decantétis,1,sin fundamento
assistimus,assistímus,1,sin fundamento
transformamur,transformámur,1,sin fundamento
clarita,claríta,1,sin fundamento
misericor,miserícor,1,sin fundamento
acquisiverant,acquisivérant,1,sin fundamento
onagro,onágro,1,sin fundamento
Ismaelem,Ismaélem,1,sin fundamento
salvares,salváres,1,sin fundamento
salvabor,salvábor,1,sin fundamento
adiurem,adiúrem,1,sin fundamento
occubitum,occubítum,1,sin fundamento
complevero,complevéro,1,sin fundamento
Dixistique,Dixistíque,1,sin fundamento
deducetis,deducétis,1,sin fundamento
congregor,congrégor,1,sin fundamento
famulabus,famulábus,1,sin fundamento
Phihahiroth,Phihahíroth,1,sin fundamento
Beelsephon,Beelséphon,1,sin fundamento
silebitis,silebítis,1,sin fundamento
coagulatae,coagulátae,1,sin fundamento
resplenderet,resplendéret,1,sin fundamento
vocatique,vocatíque,1,sin fundamento
clangetis,clangétis,1,sin fundamento
seretis,serétis,1,sin fundamento
metetis,metétis,1,sin fundamento
vindemiabitis,vindemiabítis,1,sin fundamento
pepones,pepónes,1,sin fundamento
porrique,porríque,1,sin fundamento
oleati,oleáti,1,sin fundamento
Locutaque,Locutáque,1,sin fundamento
circuita,circuíta,1,sin fundamento
Locutique,Locutíque,1,sin fundamento
portabitis,portabítis,1,sin fundamento
Mortuaque,Mortuáque,1,sin fundamento
inculcabis,inculcábis,1,sin fundamento
induretis,indurétis,1,sin fundamento
adhaerebis,adhaerébis,1,sin fundamento
paveatis,paveátis,1,sin fundamento
Bethphegor,Bethphégor,1,sin fundamento
multiplicavique,multiplicavíque,1,sin fundamento
Eduxique,Eduxíque,1,sin fundamento
Astharoth,Asthároth,1,sin fundamento
elevataque,elevatáque,1,sin fundamento
mihique,mihíque,1,sin fundamento
humiliatique,humiliatíque,1,sin fundamento
unigenita,unigeníta,1,sin fundamento
Mahalon,Mahálon,1,sin fundamento
sitieris,sitiéris,1,sin fundamento
dignareris,dignaréris,1,sin fundamento
dereliqueris,dereliquéris,1,sin fundamento
compriment,compríment,1,sin fundamento
fructificans,fructifícans,1,sin fundamento
curvavi,curvávi,1,sin fundamento
Celita,Celíta,1,sin fundamento
Iozabad,Iozábad,1,sin fundamento
decuplate,decupláte,1,sin fundamento
cubate,cubáte,1,sin fundamento
obtenebrati,obtenebráti,1,sin fundamento
irrigabit,irrigábit,1,sin fundamento
oboediatis,oboediátis,1,sin fundamento
oboeditis,oboedítis,1,sin fundamento
profanarent,profanárent,1,sin fundamento
nobilique,nobilíque,1,sin fundamento
glorificabimini,glorificabimíni,1,sin fundamento
iverant,ivérant,1,sin fundamento
Asfanaz,Asfánaz,1,sin fundamento
decuplum,decúplum,1,sin fundamento
Suphita,Suphíta,1,sin fundamento
duoque,duóque,1,sin fundamento
lonathan,lonáthan,1,sin fundamento
insidiaris,insidiáris,1,sin fundamento
pulicem,pulícem,1,sin fundamento
palatham,palátham,1,sin fundamento
peperat,pepérat,1,sin fundamento
Areuna,Areúna,1,sin fundamento
mundabit,mundábit,1,sin fundamento
Ergone,Ergóne,1,sin fundamento
vacillabunt,vacillábunt,1,sin fundamento
Subicimini,Subicimíni,1,sin fundamento
Appropiate,Appropiáte,1,sin fundamento
elongabo,elongábo,1,sin fundamento
salvate,salváte,1,sin fundamento
avolamus,avolámus,1,sin fundamento
lapidate,lapidáte,1,sin fundamento
diabolici,diabolíci,1,sin fundamento
demetam,demétam,1,sin fundamento
delinitus,delinítus,1,sin fundamento
Tharaca,Tharáca,1,sin fundamento
Elnathan,Elnáthan,1,sin fundamento
pignoratis,pignorátis,1,sin fundamento
dimittebas,dimittébas,1,sin fundamento
lyrarum,lyrárum,1,sin fundamento
stillabis,stillábis,1,sin fundamento
tenebrescere,tenebrescére,1,sin fundamento
rupturas,ruptúras,1,sin fundamento
instaurabo,instaurábo,1,sin fundamento
seminabunt,seminábunt,1,sin fundamento
Seminate,Semináte,1,sin fundamento
Seariasub,Seariásub,1,sin fundamento
complanas,complánas,1,sin fundamento
cataplasmarent,cataplasmárent,1,sin fundamento
ambulabitis,ambulabítis,1,sin fundamento
Anathoth,Anáthoth,1,sin fundamento
inhorrescite,inhorrescíte,1,sin fundamento
creveritis,creverítis,1,sin fundamento
absconderam,abscondéram,1,sin fundamento
agglutinavi,agglutinávi,1,sin fundamento
feneravi,fenerávi,1,sin fundamento
vindemiabunt,vindemiábunt,1,sin fundamento
incrassata,incrassáta,1,sin fundamento
evaginabit,evaginábit,1,sin fundamento
Contaminate,Contamináte,1,sin fundamento
emundavi,emundávi,1,sin fundamento
calceavi,calceávi,1,sin fundamento
velabitis,velabítis,1,sin fundamento
plangetis,plangétis,1,sin fundamento
tabescetis,tabescétis,1,sin fundamento
subtrahatis,subtrahátis,1,sin fundamento
regnaretis,regnarétis,1,sin fundamento
blasphemati,blasphemáti,1,sin fundamento
Obumbrabis,Obumbrábis,1,sin fundamento
texturis,textúris,1,sin fundamento
variegatis,variegátis,1,sin fundamento
moliaris,moliáris,1,sin fundamento
arguaris,arguáris,1,sin fundamento
Iudaice,Iudaíce,1,sin fundamento
benedi,benédi,1,sin fundamento
carebatis,carebátis,1,sin fundamento
sardino,sardíno,1,sin fundamento
pauperrimi,pauperrími,1,sin fundamento
declinaveritis,declinaverítis,1,sin fundamento
ventilabro,ventilábro,1,sin fundamento
assimilabitis,assimilabítis,1,sin fundamento
provocatrix,provocátrix,1,sin fundamento
eieceram,eiecéram,1,sin fundamento
confundamur,confundámur,1,sin fundamento
Elmadam,Elmádam,1,sin fundamento
lunaticos,lunatícos,1,sin fundamento
Bethsaidam,Bethsaídam,1,sin fundamento
oboedieris,oboediéris,1,sin fundamento
opprimitis,opprimítis,1,sin fundamento
Suffraga,Suffrága,1,sin fundamento
orphanae,orphánae,1,sin fundamento
talarem,talárem,1,sin fundamento
viatorcs,viátorcs,1,sin fundamento
masticem,mastícem,1,sin fundamento
iurgatus,iurgátus,1,sin fundamento
Abana,Abána,1,sin fundamento
possessuri,possessúri,1,sin fundamento
factique,factíque,1,sin fundamento
distribueres,distribuéres,1,sin fundamento
honorificent,honorifícent,1,sin fundamento
immaculatarum,immaculatárum,1,sin fundamento
Hierosolymitis,Hierosolymítis,1,sin fundamento
Sunamitin,Sunamítin,1,sin fundamento
ligarent,ligárent,1,sin fundamento
eroque,eróque,1,sin fundamento
sanctificarent,sanctificárent,1,sin fundamento
porrexero,porrexéro,1,sin fundamento
Rabbuni,Rabbúni,1,sin fundamento
exstasi,exstási,1,sin fundamento
Theudas,Theúdas,1,sin fundamento
blasphema,blasphéma,1,sin fundamento
Tiberiade,Tiberiáde,1,sin fundamento
salvificem,salvifícem,1,sin fundamento
evangelizamus,evangelizámus,1,sin fundamento
Lycaonice,Lycaoníce,1,sin fundamento
persuasis,persuásis,1,sin fundamento
Sosthenen,Sosthénen,1,sin fundamento
Gallioni,Gallióni,1,sin fundamento
Galaticam,Galatícam,1,sin fundamento
catechizatus,catechizátus,1,sin fundamento
Abiae,Ábiae,1,hiato en nombre propio
Abiel,Ábiel,1,hiato en nombre propio
Abiud,Ábiud,8,hiato en nombre propio
Achaiam,Acháiam,1,hiato en nombre propio
Aegyptiae,Aegýptiae,1,hiato en nombre propio
Aegyptiam,Aegýptiam,2,hiato en nombre propio
Aegyptium,Aegýptium,3,hiato en nombre propio
Aeneam,Áeneam,1,hiato en nombre propio
Aethiops,Áethiops,3,hiato en nombre propio
Aiunt,Áiunt,2,hiato en nombre propio
Amasiam,Amásiam,2,hiato en nombre propio
Amasias,Amásias,3,hiato en nombre propio
Anaia,Anáia,2,hiato en nombre propio
Animaequior,Animáequior,3,hiato en nombre propio
Aphia,Áphia,1,hiato en nombre propio
Aroer,Ároer,1,hiato en nombre propio
Asmodeum,Asmódeum,1,hiato en nombre propio
Asmodeus,Asmódeus,1,hiato en nombre propio
Assyrius,Assýrius,1,hiato en nombre propio
Attaliam,Attáliam,2,hiato en nombre propio
Beneficientiae,Beneficiéntiae,1,hiato en nombre propio
Cenchreis,Cénchreis,1,hiato en nombre propio
Chelion,Chélion,1,hiato en nombre propio
Cyprii,Cýprii,1,hiato en nombre propio
Darii,Dárii,3,hiato en nombre propio
Dario,Dário,1,hiato en nombre propio
Domihus,Dómihus,3,hiato en nombre propio
Eliab,Éliab,4,hiato en nombre propio
Eliu,Éliu,1,hiato en nombre propio
Eliud,Éliud,8,hiato en nombre propio
Esthaol,Ésthaol,1,hiato en nombre propio
Gallio,Gállio,1,hiato en nombre propio
Gamaliel,Gamáliel,1,hiato en nombre propio
Hanania,Hanánia,1,hiato en nombre propio
Hananiae,Hanániae,1,hiato en nombre propio
Hananiam,Hanániam,2,hiato en nombre propio
Hananias,Hanánias,5,hiato en nombre propio
Helcia,Hélcia,2,hiato en nombre propio
Heloi,Héloi,2,hiato en nombre propio
Hodia,Hódia,1,hiato en nombre propio
Iconio,Icónio,1,hiato en nombre propio
Iesua,Iésua,4,hiato en nombre propio
Iobeleus,Iobéleus,1,hiato en nombre propio
Iscarioth,Iscárioth,5,hiato en nombre propio
Ismael,Ísmael,4,hiato en nombre propio
Iuniam,Iúniam,1,hiato en nombre propio
Lahairoi,Lahaíroi,1,hiato en nombre propio
Laodiciam,Laodíciam,1,hiato en nombre propio
Lycaoniae,Lycaóniae,1,hiato en nombre propio
Lydia,Lýdia,11,hiato en nombre propio
Maasia,Maásia,3,hiato en nombre propio
Manducantium,Manducántium,3,hiato en nombre propio
Manue,Mánue,1,hiato en nombre propio
Matthathiae,Mattháthiae,3,hiato en nombre propio
Matthathias,Mattháthias,6,hiato en nombre propio
Melchia,Mélchia,2,hiato en nombre propio
Melea,Mélea,2,hiato en nombre propio
Mercurium,Mercúrium,1,hiato en nombre propio
Moria,Mória,8,hiato en nombre propio
Mysiam,Mýsiam,2,hiato en nombre propio
Phalaia,Phaláia,1,hiato en nombre propio
Philadelphiam,Philadélphiam,1,hiato en nombre propio
Pisidiam,Pisídiam,2,hiato en nombre propio
Raguel,Ráguel,13,hiato en nombre propio
Sabethai,Sabéthai,1,hiato en nombre propio
Saraa,Sáraa,2,hiato en nombre propio
Seleuciam,Seleúciam,1,hiato en nombre propio
Serebia,Serébia,1,hiato en nombre propio
Siloae,Síloae,7,hiato en nombre propio
Siloam,Síloam,7,hiato en nombre propio
Thobia,Thóbia,1,hiato en nombre propio
Thobiae,Thóbiae,5,hiato en nombre propio
Thobiam,Thóbiam,2,hiato en nombre propio
Thobias,Thóbias,8,hiato en nombre propio
Uria,Úria,2,hiato en nombre propio
