forma,cortes,testigo
abiecerat,2,abjecerat
abiecerint,2,abjecerint
abiecerit,2,abjecerit
abiecerunt,2,abjecerunt
abieci,2,abjeci
abiecisset,2,abjecisset
abiecisti,2,abjecisti
abiecistis,2,abjecistis
abiecit,2,abjecit
abiecta,2,abjecta
abiectae,2,abjectæ
abiectam,2,abjectam
abiecti,2,abjecti
abiectio,2,abjectio
abiectione,2,abjectione
abiectionem,2,abjectionem
abiectum,2,abjectum
abiectus,2,Abjectus
abiicere,2,abjicere
abiiciam,2,abjiciam
abiiciamus,2,Abjiciamus
abiicias,2,abjicias
abiiciat,2,abjiciat
abiiciendi,2,abjiciendi
abiicient,2,abjicient
abiicientes,2,abjicientes
abiiciet,2,Abjiciet
abiicietur,2,abjicietur
abiicio,2,abjicio
abiicit,2,abjicit
abiicite,2,Abjicite
abiicitur,2,abjicitur
adiacens,2,adjacens
adiacent,2,adjacent
adiacet,2,adjacet
adiecerunt,2,Adjecerunt
adiecit,2,adjecit
adiectum,2,adjectum
adiice,2,adjice
adiicere,2,adjicere
adiiciam,2,adjiciam
adiicias,2,adjicias
adiiciat,2,Adjiciat
adiiciens,2,adjiciens
adiicientur,2,adjicientur
adiicies,2,adjicies
adiiciet,2,adjiciet
adiicietur,2,adjicietur
adiudicabit,2,adjudicabit
adiudicatus,2,adjudicatus
adiudicavit,2,adjudicavit
adiuncta,2,adjuncta
adiunctae,2,adjunctæ
adiuncti,2,adjuncti
adiuncto,2,adjuncto
adiungat,2,Adjungat
adiunge,2,adjunge
adiungetur,2,adjungetur
adiunxerunt,2,adjunxerunt
adiurabitque,2,Adjurabitque
adiuramentum,2,adjuramentum
adiurans,2,adjurans
adiurantem,2,adjurantem
adiuraret,2,adjuraret
adiurasset,2,adjurasset
adiurasti,2,adjurasti
adiuratus,2,adjuratus
adiuraverat,2,adjuraverat
adiuraverit,2,adjuraverit
adiuravi,2,adjuravi
adiuravit,2,adjuravit
adiurem,2,adjurem
adiuro,2,adjuro
adiutor,2,Adjutor
adiutore,2,adjutore
adiutorem,2,adjutorem
adiutores,2,adjutores
adiutori,2,adjutori
adiutoria,2,adjutoria
adiutoribus,2,adjutoribus
adiutorii,2,Adjutorii
adiutoriis,2,adjutoriis
adiutorio,2,adjutorio
adiutoris,2,adjutoris
adiutorium,2,Adjutorium
adiutus,2,adjutus
adiuva,2,adjuva
adiuvabant,2,adjuvabant
adiuvabat,2,adjuvabat
adiuvabit,2,adjuvabit
adiuvabunt,2,adjuvabunt
adiuvandum,2,adjuvandum
adiuvans,2,adjuvans
adiuvante,2,adjuvante
adiuvantem,2,adjuvantem
adiuvantes,2,adjuvantes
adiuvantibus,2,adjuvantibus
adiuvare,2,adjuvare
adiuvarent,2,adjuvarent
adiuvaret,2,adjuvaret
adiuvat,2,adjuvat
adiuvate,2,adjuvate
adiuvatur,2,adjuvatur
adiuvent,2,adjuvent
adiuverant,2,adjuverant
adiuverunt,2,adjuverunt
adiuves,2,adjuves
adiuvet,2,adjuvet
adiuvetis,2,adjuvetis
adiuvi,2,adjuvi
adiuvisset,2,adjuvisset
adiuvisti,2,adjuvisti
adiuvit,2,adjuvit
adiuvitque,2,Adjuvitque
aia,1,Aja
aialon,1,Ajalon
aiam,1,Ajam
aiath,1,Ajath
aion,1,Ajon
alicuius,5,alicujus
alleluia,6,alleluja
avothiair,5,Avothjair
baiulabatur,2,bajulabatur
baiulans,2,bajulans
baiulat,2,bajulat
baiulus,2,bajulus
bariesu,3,Barjesu
beneiaacan,4,Benejaacan
beniamin,3,Benjamin
beniaminm,3,Benjaminm
caius,2,Cajus
coniectores,3,conjectores
coniectoribus,3,conjectoribus
coniectoris,3,conjectoris
coniecturam,3,conjecturam
coniicere,3,conjicere
coniiciet,3,conjiciet
coniucundatur,3,conjucundatur
coniugali,3,conjugali
coniuge,3,conjuge
coniugem,3,conjugem
coniuges,3,conjuges
coniugia,3,conjugia
coniugibus,3,conjugibus
coniugii,3,conjugii
coniugio,3,conjugio
coniugis,3,conjugis
coniugium,3,conjugium
coniugum,3,conjugum
coniuncta,3,conjuncta
coniunctae,3,conjunctæ
coniuncti,3,conjuncti
coniunctione,3,conjunctione
coniunctiones,3,conjunctiones
coniunctus,3,conjunctus
coniungantur,3,conjungantur
coniungat,3,conjungat
coniungere,3,conjungere
coniungeretur,3,conjungeretur
coniungetur,3,conjungetur
coniungi,3,conjungi
coniungitis,3,conjungitis
coniungitur,3,conjungitur
coniunxerant,3,conjunxerant
coniunximus,3,conjunximus
coniunxit,3,conjunxit
coniunxitque,3,Conjunxitque
coniurassent,3,conjurassent
coniurastis,3,conjurastis
coniuratio,3,Conjuratio
coniuratione,3,conjuratione
coniurationem,3,conjurationem
coniuraverant,3,conjuraverant
coniuraverunt,3,conjuraverunt
coniuravi,3,conjuravi
coniuravit,3,Conjuravit
coniux,3,conjux
cuius,2,Cujus
cuiusdam,2,cujusdam
cuiusmodi,2,cujusmodi
cuiusquam,2,cujusquam
cuiusque,2,cujusque
cuiusvis,2,cujusvis
deiecerint,2,dejecerint
deiecerit,2,dejecerit
deiecerunt,2,dejecerunt
deieci,2,dejeci
deiecisti,2,dejecisti
deiecit,2,Dejecit
deiecta,2,dejecta
deiectionem,2,dejectionem
deierare,2,dejerare
deierat,2,dejerat
deiice,2,Dejice
deiicere,2,dejicere
deiicerentur,2,dejicerentur
deiiceret,2,dejiceret
deiici,2,dejici
deiiciam,2,dejiciam
deiiciant,2,dejiciant
deiicies,2,dejicies
deiiciet,2,dejiciet
deiicimur,2,dejicimur
deiicis,2,dejicis
deiicit,2,dejicit
deiicitur,2,dejicitur
deiiciuntur,2,dejiciuntur
diiudicabit,2,dijudicabit
diiudicabitur,2,dijudicabitur
diiudicabo,2,dijudicabo
diiudicamur,2,dijudicamur
diiudicans,2,dijudicans
diiudicare,2,dijudicare
diiudicaremus,2,dijudicaremus
diiudicat,2,dijudicat
diiudicatur,2,dijudicatur
diiudicent,2,dijudicent
eieceram,1,ejeceram
eiecerat,1,ejecerat
eiecero,1,ejecero
eiecerunt,1,ejecerunt
eieci,1,ejeci
eiecimus,1,ejecimus
eiecique,1,ejecique
eiecissent,1,ejecissent
eiecisset,1,ejecisset
eiecisti,1,ejecisti
eiecistis,1,ejecistis
eiecit,1,ejecit
eiecitque,1,Ejecitque
eiecta,1,ejecta
eiectam,1,ejectam
eiecti,1,ejecti
eiectiones,1,ejectiones
eiectis,1,Ejectis
eiecto,1,ejecto
eiectum,1,ejectum
eiectus,1,ejectus
eiice,1,ejice
eiicere,1,ejicere
eiicerent,1,ejicerent
eiicerentur,1,ejicerentur
eiiceret,1,ejiceret
eiicerint,1,ejicerint
eiiciam,1,ejiciam
eiiciant,1,ejiciant
eiiciantur,1,ejiciantur
eiiciat,1,ejiciat
eiicicetur,1,ejicicetur
eiiciebant,1,ejiciebant
eiiciebat,1,ejiciebat
eiiciendi,1,ejiciendi
eiiciens,1,ejiciens
eiicient,1,Ejicient
eiicientem,1,ejicientem
eiicientes,1,ejicientes
eiicientur,1,ejicientur
eiiciet,1,ejiciet
eiicietur,1,ejicietur
eiicio,1,ejicio
eiicis,1,ejicis
eiicit,1,ejicit
eiicite,1,ejicite
eiicitur,1,ejicitur
eiiciunt,1,ejiciunt
eiulabo,1,ejulabo
eiulabunt,1,ejulabunt
eiulans,1,ejulans
eiulantes,1,ejulantes
eiulatu,1,ejulatu
eius,1,ejus
eiusdem,1,ejusdem
eiusdemque,1,ejusdemque
eiusmodi,1,ejusmodi
eiusque,1,ejusque
fideiussor,4,fidejussor
fideiussoris,4,fidejussoris
gaio,2,Gajo
gaius,2,Gajus
huius,2,Hujus
huiuscemodi,2,Hujuscemodi
huiusmodi,2,hujusmodi
iaasia,0,Jaasia
iabel,0,Jabel
iabes,0,Jabes
iabin,0,Jabin
iabniae,0,Jabniæ
iaboc,0,Jaboc
iacan,0,Jacan
iace,0,Jace
iacebam,0,jacebam
iacebant,0,jacebant
iacebat,0,jacebat
iacebis,0,jacebis
iacebunt,0,Jacebunt
iacens,0,jacens
iacent,0,jacent
iacente,0,jacente
iacentem,0,jacentem
iacentes,0,jacentes
iacentis,0,jacentis
iacere,0,jacere
iacerent,0,jacerent
iaceret,0,jaceret
iaces,0,jaces
iacet,0,jacet
iachan,0,Jachan
iachanan,0,Jachanan
iachin,0,Jachin
iachinitarum,0,Jachinitarum
iaciam,0,jaciam
iaciat,0,jaciat
iaciebant,0,jaciebant
iaciendos,0,jaciendos
iaciens,0,jaciens
iaciente,0,jaciente
iacientes,0,jacientes
iacies,0,jacies
iaciet,0,jaciet
iacim,0,Jacim
iacio,0,jacio
iacitur,0,jacitur
iacob,0,Jacob
iacoba,0,Jacoba
iacobi,0,Jacobi
iacobo,0,Jacobo
iacobum,0,Jacobum
iacobus,0,Jacobus
iacta,0,jacta
iactabant,0,jactabant
iactabatur,0,jactabatur
iactabitis,0,jactabitis
iactando,0,jactando
iactandos,0,jactandos
iactantes,0,jactantes
iactantia,0,jactantia
iactantiam,0,jactantiam
iactantibus,0,jactantibus
iactaret,0,jactaret
iactasset,0,jactasset
iactat,0,jactat
iactatis,0,jactatis
iactaverunt,0,jactaverunt
iacto,0,jacto
iactu,0,jactu
iactum,0,jactum
iacturam,0,jacturam
iactus,0,jactus
iacuerat,0,jacuerat
iacuerit,0,jacuerit
iacuerunt,0,jacuerunt
iacui,0,jacui
iacuit,0,jacuit
iacula,0,jacula
iaculi,0,jaculi
iaculis,0,jaculis
iaculo,0,jaculo
iaculum,0,jaculum
iada,0,Jada
iadaia,0,Jadaia
iadason,0,Jadason
iaddo,0,Jaddo
iadias,0,Jadias
iadihel,0,Jadihel
iadon,0,Jadon
iagur,0,Jagur
iahaddai,0,Jahaddai
iahala,0,Jahala
iahath,0,Jahath
iahaziel,0,Jahaziel
iahel,0,Jahel
iahelel,0,Jahelel
iahiel,0,Jahiel
iair,0,Jair
iairi,0,Jairi
iairites,0,Jairites
iairus,0,Jairus
iala,0,Jala
ialaleel,0,Jalaleel
ialel,0,Jalel
ialeleel,0,Jaleleel
ialelitarum,0,Jalelitarum
ialon,0,Jalon
iam,0,Jam
iambri,0,Jambri
iamin,0,Jamin
iaminitarum,0,Jaminitarum
iamne,0,Jamne
iamniae,0,Jamniæ
iamniam,0,Jamniam
iamnitis,0,Jamnitis
iamnor,0,Jamnor
iampridem,0,jampridem
iamque,0,jamque
iamra,0,Jamra
iamuel,0,Jamuel
ianai,0,Janai
ianitor,0,janitor
ianitores,0,janitores
ianitori,0,janitori
ianitoribus,0,janitoribus
ianitorum,0,janitorum
ianne,0,Janne
iannes,0,Jannes
ianoe,0,Janoë
ianthinarum,0,janthinarum
ianthinas,0,janthinas
ianthinis,0,janthinis
ianthino,0,janthino
ianthinum,0,janthinum
ianua,0,janua
ianuae,0,januæ
ianuam,0,januam
ianuarum,0,januarum
ianuas,0,januas
ianuis,0,januis
ianum,0,Janum
iapheth,0,Japheth
iaphia,0,Japhia
iaphie,0,Japhie
iaptheth,0,Japtheth
iara,0,Jara
iaramoth,0,Jaramoth
iare,0,Jare
iared,0,Jared
iarephel,0,Jarephel
iarib,0,Jarib
iarim,0,Jarim
iasa,0,Jasa
iaser,0,Jaser
iasi,0,Jasi
iasiel,0,Jasiel
iason,0,Jason
iasone,0,Jasone
iasonem,0,Jasonem
iasoni,0,Jasoni
iasonis,0,Jasonis
iaspide,0,jaspide
iaspidem,0,jaspidem
iaspidis,0,jaspidis
iaspis,0,jaspis
iassa,0,Jassa
iassen,0,Jassen
iasub,0,Jasub
iasubitarum,0,Jasubitarum
iathanael,0,Jathanaël
iaus,0,Jaus
iavan,0,Javan
iazer,0,Jazer
iaziel,0,Jaziel
iaziz,0,Jaziz
ieabarim,0,Jeabarim
iebaar,0,Jebaar
iebahar,0,Jebahar
iebaniae,0,Jebaniæ
ieblaam,0,Jeblaam
iebnael,0,Jebnaël
iebneel,0,Jebneel
ieboc,0,Jeboc
iebsem,0,Jebsem
iebus,0,Jebus
iebusaei,0,Jebusæi
iebusaeis,0,Jebusæis
iebusaeorum,0,Jebusæorum
iebusaeos,0,Jebusæos
iebusaeum,0,Jebusæum
iebusaeus,0,Jebusæus
iecemia,0,Jecemia
iecere,0,jecere
iecerit,0,jecerit
iecerunt,0,jecerunt
iechelia,0,Jechelia
iechonia,0,Jechonia
iechoniae,0,Jechoniæ
iechoniam,0,Jechoniam
iechonias,0,Jechonias
iecit,0,jecit
iecmaam,0,Jecmaam
iecmaan,0,Jecmaan
iecnam,0,Jecnam
ieconam,0,Jeconam
iecore,0,jecore
iecori,0,jecori
iecoris,0,jecoris
iecsan,0,Jecsan
iectan,0,Jectan
iectehel,0,Jectehel
iecthel,0,Jecthel
iecur,0,jecur
iedaia,0,Jedaia
ieddel,0,Jeddel
ieddo,0,Jeddo
ieddoa,0,Jeddoa
ieddu,0,Jeddu
ieddua,0,Jeddua
iedebos,0,Jedebos
iedei,0,Jedei
iediel,0,Jediel
iedihel,0,Jedihel
iedlaph,0,Jedlaph
iegaal,0,Jegaal
iegbaa,0,Jegbaa
iegedeliae,0,Jegedeliæ
iehedeia,0,Jehedeia
ieheziel,0,Jeheziel
iehias,0,Jehias
iehiel,0,Jehiel
iehieli,0,Jehieli
iehu,0,Jehu
iehuel,0,Jehuel
iehus,0,Jehus
ieiunabam,0 2,jejunabam
ieiunabant,0 2,jejunabant
ieiunabat,0 2,jejunabat
ieiunabo,0 2,jejunabo
ieiunabunt,0 2,jejunabunt
ieiunamus,0 2,jejunamus
ieiunans,0 2,jejunans
ieiunant,0 2,jejunant
ieiunantes,0 2,jejunantes
ieiunantibus,0 2,jejunantibus
ieiunare,0 2,jejunare
ieiunaretis,0 2,jejunaretis
ieiunas,0 2,jejunas
ieiunasset,0 2,jejunasset
ieiunasti,0 2,jejunasti
ieiunastis,0 2,jejunastis
ieiunat,0 2,jejunat
ieiunatio,0 2,jejunatio
ieiunationibus,0 2,jejunationibus
ieiunatis,0 2,jejunatis
ieiunaverint,0 2,jejunaverint
ieiunaverunt,0 2,jejunaverunt
ieiunaveruntque,0 2,jejunaveruntque
ieiunavi,0 2,jejunavi
ieiunavimus,0 2,jejunavimus
ieiunavit,0 2,jejunavit
ieiunavitque,0 2,jejunavitque
ieiunem,0 2,jejunem
ieiuni,0 2,jejuni
ieiunia,0 2,jejunia
ieiunii,0 2,jejunii
ieiuniis,0 2,jejuniis
ieiunio,0 2,jejunio
ieiunium,0 2,Jejunium
ieiuno,0 2,jejuno
ieiunos,0 2,jejunos
ieiunus,0 2,jejunus
iemai,0,Jemai
iemineus,0,Jemineus
iemini,0,Jemini
iemla,0,Jemla
iemlech,0,Jemlech
iemna,0,Jemna
iemnaitarum,0,Jemnaitarum
iephdaia,0,Jephdaia
iephlat,0,Jephlat
iephleti,0,Jephleti
iephone,0,Jephone
iephte,0,Jephte
iephtha,0,Jephtha
iephthael,0,Jephthaël
ieraa,0,Jeraa
ierala,0,Jerala
ierameel,0,Jerameel
iercaam,0,Jercaam
ieremia,0,Jeremia
ieremiae,0,Jeremiæ
ieremiam,0,Jeremiam
ieremias,0,Jeremias
ieremiel,0,Jeremiel
ieria,0,Jeria
ierias,0,Jerias
ieriau,0,Jeriau
ieribai,0,Jeribai
iericho,0,Jericho
ierichontinae,0,Jerichontinæ
ieriel,0,Jeriel
ierimoth,0,Jerimoth
ierimuth,0,Jerimuth
ierioth,0,Jerioth
iermai,0,Jermai
ierobaal,0,Jerobaal
ieroboam,0,Jeroboam
ieroham,0,Jeroham
ieron,0,Jeron
ierosolyma,0,Jerosolyma
ierosolymae,0,Jerosolymæ
ierosolymam,0,Jerosolymam
ierosolymis,0,Jerosolymis
ierosolymita,0,Jerosolymita
ierosolymitae,0,Jerosolymitæ
ierosolymorum,0,Jerosolymorum
iersia,0,Jersia
ieruel,0,Jeruel
ierusa,0,Jerusa
ierusalem,0,Jerusalem
iesaar,0,Jesaar
iesaaritas,0,Jesaaritas
iesaiae,0,Jesaiæ
iesamari,0,Jesamari
iesana,0,Jesana
iesba,0,Jesba
iesbaam,0,Jesbaam
iesbacassa,0,Jesbacassa
iesbacassae,0,Jesbacassæ
iesbibenob,0,Jesbibenob
iesboam,0,Jesboam
iesboc,0,Jesboc
ieschae,0,Jeschæ
ieseiae,0,Jeseiæ
ieseias,0,Jeseias
iesema,0,Jesema
ieser,0,Jeser
ieseritarum,0,Jeseritarum
iesesi,0,Jesesi
iesi,0,Jesi
iesia,0,Jesia
iesiae,0,Jesiæ
iesias,0,Jesias
iesiel,0,Jesiel
iesielitarum,0,Jesielitarum
iesimon,0,Jesimon
iesmachias,0,Jesmachias
iesmaias,0,Jesmaias
iespha,0,Jespha
iespham,0,Jespham
iesse,0,Jesse
iessui,0,Jessui
iessuitarum,0,Jessuitarum
iesu,0,Jesu
iesua,0,Jesua
iesue,0,Jesue
iesum,0,Jesum
iesus,0,Jesus
ieta,0,Jeta
ieteba,0,Jeteba
ietebatha,0,Jetebatha
ieth,0,Jeth
iethela,0,Jethela
iether,0,Jether
ietheth,0,Jetheth
iethma,0,Jethma
iethnam,0,Jethnam
iethraam,0,Jethraam
iethraeus,0,Jethræus
iethraham,0,Jethraham
iethrai,0,Jethrai
iethram,0,Jethram
iethran,0,Jethran
iethrei,0,Jethrei
iethrites,0,Jethrites
iethro,0,Jethro
iethson,0,Jethson
iethur,0,Jethur
ietra,0,Jetra
ietur,0,Jetur
iezabad,0,Jezabad
iezabel,0,Jezabel
iezatha,0,Jezatha
iezer,0,Jezer
iezeritarum,0,Jezeritarum
iezerites,0,Jezerites
iezlia,0,Jezlia
iezoniam,0,Jezoniam
iezonias,0,Jezonias
iezra,0,Jezra
iezrael,0,Jezraël
iezraeli,0,Jezraëli
iezraelites,0,Jezraëlites
iezraelitide,0,Jezraëlitide
iezrahel,0,Jezrahel
iezrahelitae,0,Jezrahelitæ
iezrahelites,0,Jezrahelites
iezrahelitide,0,Jezrahelitide
iezrahelitis,0,Jezrahelitis
iezraia,0,Jezraia
iieabarim,1,Ijeabarim
iim,0,Jim
iniecerunt,2,injecerunt
iniecit,2,injecit
iniice,2,Injice
iniiciam,2,injiciam
iniicient,2,injicient
iniungetur,2,injungetur
iniuria,2,injuria
iniuriae,2,injuriæ
iniuriam,2,injuriam
iniuriarum,2,injuriarum
iniurias,2,injurias
iniuriis,2,injuriis
iniusta,2,injusta
iniustae,2,injustæ
iniustam,2,injustam
iniuste,2,injuste
iniusti,2,injusti
iniustis,2,injustis
iniustitia,2,injustitia
iniustitiae,2,injustitiæ
iniustitiam,2,injustitiam
iniustitias,2,injustitias
iniusto,2,injusto
iniustorum,2,injustorum
iniustos,2,injustos
iniustum,2,injustum
iniustus,2,injustus
ioab,0,Joab
ioachaz,0,Joachaz
ioachim,0,Joachim
ioachin,0,Joachin
ioacim,0,Joacim
ioada,0,Joada
ioadan,0,Joadan
ioah,0,Joah
ioaha,0,Joaha
ioahe,0,Joahe
ioakim,0,Joakim
ioanna,0,Joanna
ioanne,0,Joanne
ioannem,0,Joannem
ioannes,0,Joannes
ioanni,0,Joanni
ioannis,0,Joannis
ioarib,0,Joarib
ioas,0,Joas
ioatham,0,Joatham
ioathan,0,Joathan
iob,0,Job
iobab,0,Jobab
iobania,0,Jobania
iocantem,0,jocantem
iochabed,0,Jochabed
iod,0,Jod
iodaiae,0,Jodaiæ
ioed,0,Joëd
ioel,0,Joël
ioela,0,Joëla
ioezer,0,Joëzer
iogli,0,Jogli
ioha,0,Joha
iohanan,0,Johanan
iohel,0,Johel
ioiada,0 2,Jojada
ioiadae,0 2,Jojadæ
ioiadam,0 2,Jojadam
ioiade,0 2,Jojade
ioiarib,0 2,Jojarib
ioioda,0 2,Jojoda
iona,0,Jona
ionadab,0,Jonadab
ionae,0,Jonæ
ionam,0,Jonam
ionas,0,Jonas
ionatha,0,Jonatha
ionathae,0,Jonathæ
ionathan,0,Jonathan
ionathas,0,Jonathas
ioppe,0,Joppe
ioppen,0,Joppen
ioppitae,0,Joppitæ
ioppitas,0,Joppitas
iora,0,Jora
iorai,0,Jorai
ioram,0,Joram
ioran,0,Joran
iordane,0,Jordane
iordanem,0,Jordanem
iordanis,0,Jordanis
iorim,0,Jorim
iosa,0,Josa
iosaba,0,Josaba
iosabeth,0,Josabeth
iosabhesed,0,Josabhesed
iosabiae,0,Josabiæ
iosachar,0,Josachar
iosaia,0,Josaia
iosaphat,0,Josaphat
iosedec,0,Josedec
ioseph,0,Joseph
iosepho,0,Josepho
iosephum,0,Josephum
iosephus,0,Josephus
iosia,0,Josia
iosiae,0,Josiæ
iosiam,0,Josiam
iosias,0,Josias
iosophat,0,Josophat
iosphiae,0,Josphiæ
iosue,0,Josue
iota,0,Jota
iovem,0,Jovem
iovis,0,Jovis
iovisque,0,Jovisque
iozabad,0,Jozabad
iozabed,0,Jozabed
iubal,0,Jubal
iube,0,Jube
iubeam,0,jubeam
iubeamus,0,jubeamus
iubeas,0,jubeas
iubeat,0,Jubeat
iubebit,0,jubebit
iubebo,0,jubebo
iubens,0,jubens
iubente,0,Jubente
iubere,0,jubere
iuberet,0,juberet
iubes,0,jubes
iubet,0,jubet
iubila,0,jubila
iubilabit,0,jubilabit
iubilaei,0,jubilæi
iubilaeo,0,jubilæo
iubilaeorum,0,jubilæorum
iubilaeum,0,jubilæum
iubilaeus,0,jubilæus
iubilarent,0,jubilarent
iubilate,0,Jubilate
iubilationem,0,jubilationem
iubilationis,0,jubilationis
iubilemus,0,jubilemus
iubilo,0,jubilo
iucadam,0,Jucadam
iuchal,0,Juchal
iucunda,0,jucunda
iucundabitur,0,jucundabitur
iucundabuntur,0,jucundabuntur
iucundatur,0,jucundatur
iucunderis,0,jucunderis
iucunditas,0,Jucunditas
iucunditate,0,jucunditate
iucunditatem,0,jucunditatem
iucunditatis,0,jucunditatis
iucundo,0,jucundo
iucundum,0,jucundum
iucundus,0,Jucundus
iud,0,Jud
iuda,0,Juda
iudae,0,Judæ
iudaea,0,Judæa
iudaeae,0,Judææ
iudaeam,0,Judæam
iudaei,0,Judæi
iudaeis,0,Judæis
iudaeo,0,Judæo
iudaeorum,0,Judæorum
iudaeos,0,Judæos
iudaeum,0,Judæum
iudaeus,0,Judæus
iudaia,0,Judaia
iudaica,0,judaica
iudaice,0,judaice
iudaici,0,judaici
iudaicis,0,judaicis
iudaico,0,judaico
iudaicorum,0,Judaicorum
iudaismo,0,Judaismo
iudaizare,0,judaizare
iudam,0,Judam
iudamque,0,Judamque
iudas,0,Judas
iudex,0,judex
iudi,0,Judi
iudica,0,judica
iudicabant,0,judicabant
iudicabat,0,Judicabat
iudicabimini,0,judicabimini
iudicabimus,0,judicabimus
iudicabis,0,judicabis
iudicabit,0,judicabit
iudicabitur,0,judicabitur
iudicabo,0,judicabo
iudicabor,0,judicabor
iudicabunt,0,judicabunt
iudicabuntur,0,judicabuntur
iudicamur,0,judicamur
iudicando,0,judicando
iudicandos,0,judicandos
iudicandum,0,judicandum
iudicans,0,judicans
iudicant,0,judicant
iudicante,0,judicante
iudicantes,0,judicantes
iudicanti,0,judicanti
iudicantur,0,judicantur
iudicare,0,judicare
iudicaremur,0,judicaremur
iudicarent,0,judicarent
iudicarentur,0,judicarentur
iudicaret,0,judicaret
iudicaretur,0,judicaretur
iudicari,0,judicari
iudicaris,0,judicaris
iudicas,0,judicas
iudicasset,0,judicasset
iudicasti,0,Judicasti
iudicastis,0,judicastis
iudicat,0,judicat
iudicata,0,judicata
iudicate,0,Judicate
iudicati,0,judicati
iudicatis,0,judicatis
iudicatos,0,judicatos
iudicatum,0,judicatum
iudicatur,0,judicatur
iudicaturus,0,judicaturus
iudicatus,0,judicatus
iudicaverint,0,judicaverint
iudicaverit,0,judicaverit
iudicaveritis,0,judicaveritis
iudicavero,0,judicavero
iudicaverunt,0,judicaverunt
iudicavi,0,judicavi
iudicavimus,0,judicavimus
iudicavit,0,judicavit
iudicavitque,0,judicavitque
iudice,0,judice
iudicem,0,judicem
iudicemini,0,judicemini
iudicemur,0,judicemur
iudicemus,0,judicemus
iudicent,0,judicent
iudicentur,0,judicentur
iudicer,0,judicer
iudices,0,Judices
iudicet,0,Judicet
iudicetis,0,judicetis
iudicetur,0,judicetur
iudici,0,judici
iudicia,0,Judicia
iudicialem,0,judicialem
iudiciaque,0,judiciaque
iudicibus,0,judicibus
iudicii,0,judicii
iudiciis,0,judiciis
iudicio,0,judicio
iudiciorum,0,judiciorum
iudicis,0,judicis
iudicium,0,judicium
iudiciumque,0,judiciumque
iudico,0,judico
iudicor,0,judicor
iudicum,0,judicum
iudith,0,Judith
iuga,0,juga
iugales,0,jugales
iuge,0,juge
iugem,0,jugem
iugera,0,jugera
iugeri,0,jugeri
iugi,0,jugi
iugis,0,jugis
iugiter,0,jugiter
iugo,0,jugo
iugulabant,0,jugulabant
iugulabit,0,jugulabit
iugulare,0,jugulare
iugulate,0,jugulate
iugulatum,0,jugulatum
iugulaverunt,0,jugulaverunt
iugulavit,0,jugulavit
iugulemur,0,jugulemur
iugum,0,jugum
iuliam,0,Juliam
iulio,0,Julio
iulius,0,Julius
iumenta,0,Jumenta
iumenti,0,jumenti
iumentis,0,jumentis
iumento,0,jumento
iumentorum,0,jumentorum
iumentum,0,Jumentum
iunci,0,junci
iuncta,0,Juncta
iunctae,0,junctæ
iunctaeque,0,Junctæque
iunctas,0,junctas
iuncti,0,juncti
iunctis,0,junctis
iuncto,0,juncto
iunctura,0,junctura
iuncturae,0,juncturæ
iuncturam,0,juncturam
iuncturas,0,juncturas
iuncturis,0,juncturis
iunctus,0,junctus
iuncus,0,juncus
iungamus,0,jungamus
iungantur,0,jungantur
iungas,0,jungas
iungatur,0,jungatur
iunge,0,junge
iungebantur,0,jungebantur
iungebat,0,jungebat
iungenda,0,jungenda
iungentes,0,jungentes
iungentur,0,jungentur
iungere,0,jungere
iungeremus,0,jungeremus
iungerentur,0,jungerentur
iungerer,0,jungerer
iungeretur,0,jungeretur
iungeris,0,jungeris
iunges,0,junges
iungimur,0,jungimur
iungit,0,jungit
iungite,0,Jungite
iuniam,0,Juniam
iunior,0,junior
iuniores,0,juniores
iunioribus,0,junioribus
iunioris,0,junioris
iuniperi,0,juniperi
iuniperorum,0,juniperorum
iuniperum,0,juniperum
iunxerunt,0,junxerunt
iunxeruntque,0,Junxeruntque
iunxit,0,junxit
iura,0,Jura
iurabant,0,jurabant
iurabis,0,jurabis
iurabisque,0,jurabisque
iurabit,0,jurabit
iurabitis,0,jurabitis
iurabo,0,jurabo
iurabunt,0,jurabunt
iuramenta,0,juramenta
iuramenti,0,juramenti
iuramentis,0,juramentis
iuramento,0,juramento
iuramentorum,0,juramentorum
iuramentum,0,juramentum
iurandum,0,jurandum
iurans,0,jurans
iurant,0,jurant
iurante,0,jurante
iurantes,0,jurantes
iurantis,0,jurantis
iurare,0,jurare
iuraret,0,juraret
iurassent,0,jurassent
iurasset,0,jurasset
iurasti,0,jurasti
iurat,0,jurat
iurate,0,jurate
iurationi,0,Jurationi
iuratis,0,juratis
iuratorum,0,juratorum
iuraverant,0,juraverant
iuraveras,0,juraveras
iuraverat,0,juraverat
iuraveris,0,juraveris
iuraverit,0,juraverit
iuraveritis,0,juraveritis
iuraverunt,0,Juraverunt
iuraveruntque,0,Juraveruntque
iuravi,0,juravi
iuravimus,0,Juravimus
iuravit,0,juravit
iuravitque,0,Juravitque
iure,0,jure
iureiurando,0 4,jurejurando
iurent,0,jurent
iuret,0,Juret
iuretis,0,juretis
iurgamini,0,jurgamini
iurgantes,0,jurgantes
iurgari,0,jurgari
iurgati,0,jurgati
iurgatus,0,jurgatus
iurgia,0,jurgia
iurgio,0,jurgio
iurgiorum,0,jurgiorum
iurgium,0,jurgium
iuri,0,juri
iuris,0,juris
iurisiurandi,0 5,jurisjurandi
iuro,0,juro
ius,0,jus
iusiurandum,0 3,jusjurandum
iusque,0,jusque
iussa,0,jussa
iusserat,0,jusserat
iusseris,0,jusseris
iusserit,0,jusserit
iusserunt,0,Jusserunt
iussi,0,jussi
iussimus,0,jussimus
iussio,0,jussio
iussione,0,jussione
iussionem,0,jussionem
iussioni,0,jussioni
iussionibus,0,jussionibus
iussisset,0,jussisset
iussisti,0,jussisti
iussit,0,Jussit
iussitque,0,Jussitque
iussu,0,jussu
iussum,0,jussum
iussus,0,jussus
iusta,0,justa
iustae,0,justæ
iustam,0,justam
iustaque,0,justaque
iustas,0,justas
iuste,0,juste
iusti,0,justi
iustifica,0,justifica
iustificaberis,0,justificaberis
iustificabit,0,justificabit
iustificabitur,0,justificabitur
iustificabo,0,justificabo
iustificabuntur,0,justificabuntur
iustificamini,0,justificamini
iustificans,0,justificans
iustificansque,0,justificansque
iustificare,0,justificare
iustificari,0,justificari
iustificasti,0,justificasti
iustificat,0,justificat
iustificata,0,justificata
iustificatae,0,justificatæ
iustificate,0,justificate
iustificati,0,justificati
iustificatio,0,justificatio
iustificationem,0,justificationem
iustificationes,0,Justificationes
iustificationibus,0,justificationibus
iustificationis,0,justificationis
iustificationum,0,justificationum
iustificatis,0,justificatis
iustificato,0,justificato
iustificatum,0,justificatum
iustificatur,0,justificatur
iustificatus,0,justificatus
iustificaverunt,0,justificaverunt
iustificavi,0,justificavi
iustificavit,0,justificavit
iustificemur,0,justificemur
iustificentur,0,justificentur
iustificeris,0,justificeris
iustifices,0,justifices
iustificetur,0,justificetur
iustior,0,Justior
iustiorem,0,justiorem
iustis,0,justis
iustissimi,0,justissimi
iustitia,0,Justitia
iustitiae,0,justitiæ
iustitiam,0,Justitiam
iustitiarum,0,justitiarum
iustitias,0,justitias
iustitiis,0,justitiis
iusto,0,justo
iustorum,0,justorum
iustos,0,justos
iustum,0,justum
iustus,0,justus
iuvat,0,juvat
iuvenculam,0,juvenculam
iuvencularum,0,juvencularum
iuvenculas,0,juvenculas
iuvenculus,0,juvenculus
iuvenem,0,juvenem
iuvenes,0,Juvenes
iuveni,0,juveni
iuvenibus,0,juvenibus
iuvenilia,0,Juvenilia
iuvenis,0,juvenis
iuventus,0,juventus
iuventute,0,juventute
iuventutem,0,juventutem
iuventutis,0,juventutis
iuvenum,0,juvenum
iuxta,0,Juxta
maiestas,2,majestas
maiestate,2,majestate
maiestatem,2,majestatem
maiestati,2,majestati
maiestatis,2,majestatis
maior,2,major
maiora,2,majora
maiore,2,majore
maiorem,2,majorem
maiores,2,majores
maioresque,2,majoresque
maiori,2,majori
maioribus,2,majoribus
maioris,2,majoris
maiorque,2,majorque
maiorum,2,majorum
maius,2,majus
meiarcon,2,Mejarcon
naioth,2,Najoth
obiectione,2,objectione
obiiciebant,2,objiciebant
obiiciens,2,objiciens
obiicientes,2,objicientes
obiicit,2,objicit
obiiciuntur,2,objiciuntur
obiurgans,2,objurgans
obiurgatio,2,Objurgatio
obiurgavi,2,objurgavi
peierant,2,pejerant
peieraverimus,2,pejeraverimus
peieraverit,2,pejeraverit
peior,2,pejor
peiora,2,pejora
peius,2,pejus
periurabis,3,perjurabis
periurem,3,perjurem
periuris,3,perjuris
periurium,3,perjurium
periurus,3,perjurus
praeiudicio,4,præjudicio
proieceram,3,projeceram
proiecerant,3,projecerant
proiecerat,3,projecerat
proiecerim,3,projecerim
proiecerit,3,projecerit
proiecerunt,3,projecerunt
proieceruntque,3,projeceruntque
proieci,3,projeci
proiecisset,3,projecisset
proiecisti,3,Projecisti
proiecistis,3,projecistis
proiecit,3,projecit
proiecitque,3,projecitque
proiecta,3,projecta
proiecti,3,projecti
proiectis,3,projectis
proiecto,3,projecto
proiectum,3,projectum
proiectus,3,Projectus
proiice,3,Projice
proiicere,3,projicere
proiicerent,3,projicerent
proiiceret,3,projiceret
proiici,3,projici
proiiciam,3,projiciam
proiiciamus,3,projiciamus
proiicias,3,projicias
proiiciatur,3,projiciatur
proiiciemini,3,projiciemini
proiiciens,3,projiciens
proiicient,3,projicient
proiiciente,3,projiciente
proiicientes,3,projicientes
proiicientibus,3,projicientibus
proiicientur,3,projicientur
proiicies,3,projicies
proiiciet,3,projiciet
proiicietis,3,projicietis
proiicietur,3,projicietur
proiicit,3,projicit
proiicite,3,projicite
proiicitur,3,projicitur
reiecta,2,rejecta
reiiciendum,2,rejiciendum
subiaceant,3,subjaceant
subiaceas,3,subjaceas
subiacebant,3,subjacebant
subiacebis,3,subjacebis
subiacebit,3,subjacebit
subiacent,3,subjacent
subiacente,3,subjacente
subiacentibus,3,subjacentibus
subiacere,3,subjacere
subiaceret,3,subjaceret
subiacet,3,subjacet
subiacete,3,subjacete
subiecerit,3,subjecerit
subiecerunt,3,subjecerunt
subiecisti,3,subjecisti
subiecit,3,subjecit
subiecitque,3,Subjecitque
subiecta,3,subjecta
subiectae,3,subjectæ
subiectarum,3,subjectarum
subiecti,3,Subjecti
subiectibiles,3,subjectibiles
subiectione,3,subjectione
subiectis,3,subjectis
subiectorum,3,subjectorum
subiectos,3,subjectos
subiectum,3,subjectum
subiectus,3,subjectus
subiice,3,Subjice
subiicere,3,subjicere
subiici,3,subjici
subiiciam,3,subjiciam
subiiciantur,3,subjiciantur
subiicias,3,subjicias
subiiciat,3,subjiciat
subiiciatur,3,subjiciatur
subiiciemini,3,subjiciemini
subiiciemur,3,subjiciemur
subiiciendus,3,subjiciendus
subiiciens,3,subjiciens
subiicient,3,subjicient
subiicientem,3,subjicientem
subiiciet,3,subjiciet
subiicite,3,Subjicite
subiiciuntur,3,subjiciuntur
subiugabis,3,subjugabis
subiugale,3,subjugale
subiugalis,3,subjugalis
subiugamus,3,subjugamus
subiugaret,3,subjugaret
subiugari,3,subjugari
subiugassem,3,subjugassem
subiugasset,3,subjugasset
subiugastis,3,subjugastis
subiugati,3,subjugati
subiugaverat,3,subjugaverat
subiugaverunt,3,subjugaverunt
subiugavi,3,subjugavi
subiugavit,3,subjugavit
subiunxit,3,subjunxit
superiacient,5,superjacient
traiectione,3,trajectione
uniuscuiusque,7,Uniuscujusque
