anexo,n,latin,es_esperado,fuente,confianza
aleluya_adviento_17_24,1,"O Sapiéntia, quæ ex ore Altíssimi prodiísti, attíngens a fine usque ad finem, fórtiter suavitérque dispónens ómnia: veni ad docéndum nos viam prudéntiæ.","Sabiduría del Altísimo, que lo ordenas todo con firmeza y suavidad, ven y muéstranos el camino de la prudencia.","Antífonas mayores «O» del 17 al 23 de diciembre; texto del Breviario y del Misal romanos, inalterado desde el siglo VIII",alta
aleluya_adviento_17_24,2,"O Adonái, et Dux domus Israël, qui Móysi in igne flammæ rubi apparuísti, et ei in Sina legem dedísti: veni ad rediméndum nos in bráchio exténto.","Pastor de la casa de Israel, que en el Sinaí diste a Moisés tu ley, ven a librarnos con el poder de tu brazo.","Antífonas mayores «O»; Breviario y Misal romanos",alta
aleluya_adviento_17_24,3,"O Radix Jesse, qui stas in signum populórum, super quem continébunt reges os suum, quem gentes deprecabúntur: veni ad liberándum nos, jam noli tardáre.","Renuevo del tronco de Jesé, que te alzas como un signo para los pueblos, ven a librarnos, no tardes más.","Antífonas mayores «O»; Breviario y Misal romanos",alta
aleluya_adviento_17_24,4,"O Clavis David, et sceptrum domus Israël; qui áperis, et nemo claudit; claudis, et nemo áperit: veni, et educ vinctum de domo cárceris, sedéntem in ténebris, et umbra mortis.","Llave de David, que abres las puertas del reino eterno, ven y libra a los cautivos que viven en tinieblas.","Antífonas mayores «O»; Breviario y Misal romanos",alta
aleluya_adviento_17_24,5,"O Oriens, splendor lucis ætérnæ, et sol justítiæ: veni, et illúmina sedéntes in ténebris, et umbra mortis.","Sol que naces de lo alto, Resplandor de la luz eterna, Sol de justicia, ven ahora a iluminar a los que viven en tinieblas.","Antífonas mayores «O»; Breviario y Misal romanos",alta
aleluya_adviento_17_24,6,"O Rex géntium, et desiderátus eárum, lapísque anguláris, qui facis útraque unum: veni, et salva hóminem, quem de limo formásti.","Rey de las naciones y Piedra angular de la Iglesia, ven y salva al hombre que formaste del barro de la tierra.","Antífonas mayores «O»; Breviario y Misal romanos",alta
aleluya_adviento_17_24,7,"O Emmánuel, Rex et légifer noster, exspectátio géntium, et Salvátor eárum: veni ad salvándum nos, Dómine, Deus noster.","Emmanuel, rey y legislador nuestro, ven a salvarnos, Señor, Dios nuestro.","Antífonas mayores «O»; Breviario y Misal romanos",alta
aclamaciones_cuaresma,1,"Glória et laus tibi, Christe.","Gloria y alabanza a ti, Cristo.","Aclamaciones antes del Evangelio en Cuaresma, Ordo lectionum Missae 1981; REVISAR contra el ejemplar",media
aclamaciones_cuaresma,2,"Glória tibi, Christe, sapiéntia Dei Patris.","Gloria a ti, Cristo, Sabiduría de Dios Padre.","Aclamaciones antes del Evangelio en Cuaresma, OLM 1981; REVISAR",media
aclamaciones_cuaresma,3,"Glória tibi, Christe, Verbum Dei.","Gloria a ti, Cristo, Palabra de Dios.","Aclamaciones antes del Evangelio en Cuaresma, OLM 1981; REVISAR",media
aclamaciones_cuaresma,4,"Laus tibi, Christe, Fili Dei vivi.","Gloria a ti, Señor, Hijo de Dios vivo.","Aclamaciones antes del Evangelio en Cuaresma, OLM 1981; REVISAR",media
aclamaciones_cuaresma,5,"Laus et honor tibi, Dómine Jesu.","Alabanza y honor a ti, Señor Jesús.","Aclamaciones antes del Evangelio en Cuaresma, OLM 1981; REVISAR",media
aclamaciones_cuaresma,6,"Laus tibi, Christe, rex ætérnæ glóriæ.","Alabanza a ti, Cristo, rey de la gloria eterna.","Aclamaciones antes del Evangelio en Cuaresma, OLM 1981; REVISAR",media
aclamaciones_cuaresma,7,"Magna et mirabília ópera tua, Dómine.","Grandes y maravillosas son tus obras, Señor.","Aclamación tomada de Ap 15,3b; el latin se resuelve tambien de la Vulgata",alta
aclamaciones_cuaresma,8,"Salus et glória et virtus Dómino Jesu Christo.","La salvación y la gloria y el poder son del Señor Jesucristo.","Aclamación tomada de Ap 19,1; el latin se resuelve tambien de la Vulgata",alta
