archivo,cita_cruda,cita_correcta
1012TEPIFA.html,"Aleluya My 2, 2","Aleluya Mt 2, 2"
1032AFSATR.html,"Lectura del santo evangelio según san Juan 3,1 6-18","Lectura del santo evangelio según san Juan 3, 16-18"
2047BTOD14.html,"Lectura de la segunda cara del apóstol san Pablo a los Corintios 12, 7b-10","Lectura de la segunda carta del apóstol san Pablo a los Corintios 12, 7b-10"
2065BTOD32.html,"Lectura de la carta a los Hebreo 9, 24-28","Lectura de la carta a los Hebreos 9, 24-28"
3052CTOD19.html,"Lectura del santo evangelio según san Luca 12, 35-40","Lectura del santo evangelio según san Lucas 12, 35-40"
2067BTOD34.html,"Aleluya Mc 11 9b-10a","Aleluya Mc 11, 9b-10a"
4072ITOS12.html,"Aleluya Mt 8, 17ç","Aleluya Mt 8, 17"
4118ITOS18.html,"Salmo responsorial: Salmo 17, 28-3a. 3bc-4. 47 y 51ab (R.: 2)","Salmo responsorial: Salmo 17, 2-3a. 3bc-4. 47 y 51ab (R.: 2)"
2053BTOD20.html,"Salmo responsorial: Salmo 33, 2-3. 10-1 1. 12-13. 14-15 (R.: 9a)","Salmo responsorial: Salmo 33, 2-3. 10-11. 12-13. 14-15 (R.: 9a)"
7020TFPD19.html,"Lectura del libro de los Jueces 13, 2-7.2 4-25a","Lectura del libro de los Jueces 13, 2-7. 24-25a"
7055TCUV02.html,"Lectura del santo evangelio según san Mateo 21, 33-43.4 5-46","Lectura del santo evangelio según san Mateo 21, 33-43. 45-46"
4195ITOX33.html,"Salmo responsorial: Salmo 16, 1. 56. 8ab y 15 (R.: 15b)","Salmo responsorial: Salmo 16, 1. 5-6. 8ab y 15 (R.: 15b)"
4303PTOX17.html,"Salmo responsorial: Salmo 58, 23. 4-5a. 10-11. 17. 18 (R.: 17d)","Salmo responsorial: Salmo 58, 2-3. 4-5a. 10-11. 17. 18 (R.: 17d)"
7006TAVS01.html,"Aleluya Is 33, 32","Aleluya Is 33, 22"
1017ACUD04.html,"Aleluya Jn 8,2b","Aleluya Jn 8,12b"
2017BCUD04.html,"Aleluya Jn 8, 2b","Aleluya Jn 8, 12b"
3017CCUD04.html,"Aleluya Jn 8, 2b","Aleluya Jn 8, 12b"
1069TEXTCOM.html,"Salmo 94, 1-2. 6-7. 8-90 (R.:8)","Salmo 94, 1-2. 6-7. 8-9 (R.:8)"
4409TEXTCOM.html,"Salmo 94, 1-2. 6-7. 8-90 (R.:8)","Salmo 94, 1-2. 6-7. 8-9 (R.:8)"
2024BPAD02.html,"Lectura de la primera carta de apóstol san Juan 5, 1-6","Lectura de la primera carta del apóstol san Juan 5, 1-6"
4081ITOX14.html,"Lectura del libro del Génesis 41, 55-57; 42, 5-7.1 7-24a","Lectura del libro del Génesis 41, 55-57; 42, 5-7. 17-24a"
4147ITOX25.html,"Interleccional: Tobías 13, 2. 4. 6. 7. 8 (R.:)1a","Interleccional: Tobías 13, 2. 4. 6. 7. 8 (R.: 1a)"
5226COMPAS.html,"Lectura del santo evangelio según san Mateo 16, 13-19´","Lectura del santo evangelio según san Mateo 16, 13-19"
6002PEPA.html,"Lectura del santo evangelio según san Mateo 16, 13-19´","Lectura del santo evangelio según san Mateo 16, 13-19"
6040DESA.html,"Lectura del santo evangelio según san 16, 24-27","Lectura del santo evangelio según san Mateo 16, 24-27"
8021BA.html,"Aleluya Col 3,","Aleluya Col 3, 15"
9026SSA.html,"4, 13-16","Lectura de la primera carta del apóstol san Pedro 4, 13-16"
9036TO1.html,Lectura del libro del Sirácida Cf. 44—49,"Lectura del libro del Sirácida 44, 1-2. 3-5. 13-14. 19-23; 45, 1-5; 46, 1; 47, 5. 8. 11; 49, 4-7. 10"
5187TA1110.html,"Aleluya y versículo antes del evangelio Mi 16, 18","Aleluya y versículo antes del evangelio Mt 16, 18"
5198TA1123.html,"Aleluya y versículo antes del evangelio Mi 16, 18","Aleluya y versículo antes del evangelio Mt 16, 18"
5218TA1231.html,"Aleluya y versículo antes del evangelio Mi 16, 18","Aleluya y versículo antes del evangelio Mt 16, 18"
5223COMDBA.htm,"Aleluya y versículo antes del evangelio Mi 16, 18","Aleluya y versículo antes del evangelio Mt 16, 18"
6016TGU.html,"Aleluya 1 Jn 13, 34","Aleluya Jn 13, 34"
6017ACAN.html,"Salmo responsorial: Salmo 84, 2-3. 6-7. 8-10. 11. 17-18 (R.: Mt 5, 3; o bien: Mt 6, 33a)","Salmo responsorial: Salmo 48, 2-3. 6-7. 8-10. 11. 17-18 (R.: Mt 5, 3; o bien: Mt 6, 33a)"
6019ETSI.html,"Aleluya Sal 84, 15","Aleluya Sal 84, 13"
9032DP6.html,"Salmo responsorial: Salmo 116, 1. 2 (R.: Mc 16, 15","Salmo responsorial: Salmo 116, 1. 2 (R.: Mc 16, 15)"
