vulgata,sigla_lat,formula
Genesis,Gen,Lectio libri Genesis
Exodus,Ex,Lectio libri Exodi
Leviticus,Lev,Lectio libri Levitici
Numeri,Num,Lectio libri Numerorum
Deuteronomium,Deut,Lectio libri Deuteronomii
Iosue,Ios,Lectio libri Iosue
Iudicum,Iudic,Lectio libri Iudicum
Ruth,Rut,Lectio libri Ruth
I Samuelis,1 Sam,Lectio libri primi Samuelis
II Samuelis,2 Sam,Lectio libri secundi Samuelis
I Regum,1 Reg,Lectio libri primi Regum
II Regum,2 Reg,Lectio libri secundi Regum
I Paralipomenon,1 Chr,Lectio libri primi Chronicorum
II Paralipomenon,2 Chr,Lectio libri secundi Chronicorum
Esdrae,Esd,Lectio libri Esdrae
Nehemiae,Neh,Lectio libri Nehemiae
Thobis,Tob,Lectio libri Thobis
Iudith,Iudt,Lectio libri Iudith
Esther,Est,Lectio libri Esther
Iob,Iob,Lectio libri Iob
Psalmi,Ps,Psalmus responsorius
Proverbia,Prov,Lectio libri Proverbiorum
Ecclesiastes,Qoh,Lectio libri Ecclesiastes
Canticum Canticorum,Cant,Lectio libri Cantici canticorum
Sapientia,Sap,Lectio libri Sapientiae
Ecclesiasticus,Sir,Lectio libri Ecclesiastici
Isaias,Is,Lectio libri Isaiae
Ieremias,Ier,Lectio libri Ieremiae
Lamentationes,Lam,Lectio Lamentationum
Baruch,Bar,Lectio libri Baruch
Ezechiel,Ez,Lectio Prophetiae Ezechielis
Daniel,Dan,Lectio Prophetiae Danielis
Osee,Os,Lectio Prophetiae Osee
Ioel,Ioel,Lectio Prophetiae Ioel
Amos,Am,Lectio Prophetiae Amos
Abdias,Abd,Lectio Prophetiae Abdiae
Ionas,Ion,Lectio Prophetiae Ionae
Michaeas,Mic,Lectio Prophetiae Michaeae
Nahum,Nah,Lectio Prophetiae Nahum
Habacuc,Hab,Lectio Prophetiae Habacuc
Sophonias,Soph,Lectio Prophetiae Sophoniae
Aggaeus,Agg,Lectio Prophetiae Aggaei
Zacharias,Zac,Lectio Prophetiae Zachariae
Malachias,Mal,Lectio Prophetiae Malachiae
I Maccabaeorum,1 Mac,Lectio libri primi Maccabaeorum
II Maccabaeorum,2 Mac,Lectio libri secundi Maccabaeorum
Matthaeus,Mt,Lectio sancti Evangelii secundum Matthaeum
Marcus,Mc,Lectio sancti Evangelii secundum Marcum
Lucas,Lc,Lectio sancti Evangelii secundum Lucam
Ioannes,Io,Lectio sancti Evangelii secundum Ioannem
Actus Apostolorum,Act,Lectio Actuum Apostolorum
Ad Romanos,Rom,Lectio Epistolae beati Pauli apostoli ad Romanos
I Ad Corinthios,1 Cor,Lectio Epistolae primae beati Pauli apostoli ad Corinthios
II Ad Corinthios,2 Cor,Lectio Epistolae secundae beati Pauli apostoli ad Corinthios
Ad Galatas,Gal,Lectio Epistolae beati Pauli apostoli ad Galatas
Ad Ephesios,Eph,Lectio Epistolae beati Pauli apostoli ad Ephesios
Ad Philippenses,Phil,Lectio Epistolae beati Pauli apostoli ad Philippenses
Ad Colossenses,Col,Lectio Epistolae beati Pauli apostoli ad Colossenses
I Ad Thessalonicenses,1 Th,Lectio Epistolae primae beati Pauli apostoli ad Thessalonicenses
II Ad Thessalonicenses,2 Th,Lectio Epistolae secundae beati Pauli apostoli ad Thessalonicenses
I Ad Timotheum,1 Tim,Lectio Epistolae primae beati Pauli apostoli ad Timotheum
II Ad Timotheum,2 Tim,Lectio Epistolae secundae beati Pauli apostoli ad Timotheum
Ad Titum,Tit,Lectio Epistolae beati Pauli apostoli ad Titum
Ad Philemonem,Phm,Lectio Epistolae beati Pauli apostoli ad Philemonem
Ad Hebraeos,Hebr,Lectio Epistolae ad Hebraeos
Iacobi,Iac,Lectio Epistolae beati Iacobi apostoli
I Petri,1 Petr,Lectio Epistolae primae beati Petri apostoli
II Petri,2 Petr,Lectio Epistolae secundae beati Petri apostoli
I Ioannis,1 Io,Lectio Epistolae primae beati Ioannis apostoli
II Ioannis,2 Io,Lectio Epistolae secundae beati Ioannis apostoli
III Ioannis,3 Io,Lectio Epistolae tertiae beati Ioannis apostoli
Iudae,Iudae,Lectio Epistolae beati Iudae apostoli
Apocalypsis,Ap,Lectio libri Apocalypsis beati Ioannis apostoli
