libro,cap,vers
Ecclesiasticus,1,19
Ecclesiasticus,9,10
Ecclesiasticus,9,11
Ecclesiasticus,19,6
Ecclesiasticus,22,23
Ecclesiasticus,27,3
Ecclesiasticus,29,16
Ecclesiasticus,29,17
Ecclesiasticus,29,21
Ecclesiasticus,29,23
Ecclesiasticus,32,23
Ecclesiasticus,34,11
Ecclesiasticus,35,3
Ecclesiasticus,43,33
Ezechiel,40,14
Ezechiel,40,30
Matthaeus,17,21
Matthaeus,18,11
Matthaeus,23,14
Marcus,7,16
Marcus,9,44
Marcus,9,46
Marcus,11,26
Marcus,15,28
Lucas,17,36
Lucas,23,17
Ioannes,5,4
Actus Apostolorum,8,37
Actus Apostolorum,15,34
Actus Apostolorum,24,7
Actus Apostolorum,28,29
Ad Romanos,16,24
