salmo,vers,titulo
3,1,"PSALMUS. David, cum fugit a filio suo Absalom."
4,1,Magistro chori. Fidibus. PSALMUS. David.
5,1,Magistro chori. Ad tibias. PSALMUS. David.
6,1,Magistro chori. Fidibus. Super octavam. PSALMUS. David.
7,1,"Lamentatio David, quam cantavit Domino propter Chus Beniaminitam."
8,1,"Magistro chori. Ad modum cantici "" Torcularia... "". PSALMUS. David."
9,1,"Magistro chori. Ad modum cantici "" Mut labben "". PSALMUS. David."
11,1,Magistro chori. David.
12,1,Magistro chori. Super octavam. PSALMUS. David.
13,1,Magistro chori. PSALMUS. David.
14,1,Magistro chori. David.
15,1,PSALMUS. David.
16,1,Miktam. David.
17,1,Precatio. David.
18,1,Magistro chori. David.
19,1,Magistro chori. PSALMUS. David.
20,1,Magistro chori. PSALMUS. David.
21,1,Magistro chori. PSALMUS. David.
22,1,"Magistro chori. Ad modum cantici "" Cerva diluculo "". PSALMUS. David."
23,1,PSALMUS. David.
24,1,David. PSALMUS.
25,1,David.
26,1,David.
27,1,David.
28,1,David.
29,1,PSALMUS. David.
30,1,PSALMUS. Canticum festi Dedicationis Templi. David.
31,1,Magistro chori. PSALMUS. David.
32,1,David. Maskil.
34,1,David.
35,1,David.
36,1,"Magistro chori. David, servi Domini."
37,1,David.
38,1,PSALMUS. David. Ad commemorandum.
39,1,"Magistro chori, Idithun. PSALMUS. David."
40,1,Magistro chori. David. PSALMUS.
41,1,Magistro chori. PSALMUS. David.
42,1,Magistro chori. Maskil. Filiorum Core.
44,1,Magistro chori. Filiorum Core. Maskil.
45,1,"Magistro chori. Secundum "" Lilia... "". Filiorum Core. Maskil. Canticum amoris."
46,1,"Magistro chori. Filiorum Core. Secundum "" Virgines... "". Canticum."
47,1,Magistro chori. Filiorum Core. PSALMUS.
48,1,Canticum. PSALMUS. Filiorum Core.
49,1,Magistro chori. Filiorum Core. PSALMUS.
50,1,PSALMUS. Asaph.
51,1,Magistro chori. PSALMUS. David.
52,1,Magistro chori. Maskil. David.
53,1,"Magistro chori. Secundum "" Mahalat "". Maskil. David."
54,1,Magistro chori. Fidibus. Maskil. David.
55,1,Magistro chori. Fidibus. Maskil. David.
56,1,"Magistro chori. Secundum "" Ionat elem rehoqim "". David. Miktam. Cum Gath Philistaei eum tenerent."
57,1,"Magistro chori. Secundum "" Ne destruxeris "". David. Miktam. Quando a Saul in cavernam fugit."
58,1,"Magistro chori. Secundum "" Ne destruxeris "". David. Miktam."
59,1,"Magistro chori. Secundum "" Ne destruxeris "". David. Miktam. Quando Saul viros misit, qui domum observarent et eum occiderent."
60,1,"Magistro chori. Secundum "" Lilium praecepti "". Miktam. David. Ad docendum."
61,1,Magistro chori. Fidibus. David.
62,1,Magistro chori. Secundum Iduthun. PSALMUS. David.
63,1,"PSALMUS. David, cum in deserto Iudae commoraretur."
64,1,Magistro chori. PSALMUS. David.
65,1,Magistro chori. PSALMUS. David. Canticum.
66,1,Magistro chori. Canticum. PSALMUS.
67,1,Magistro chori. Fidibus. PSALMUS. Canticum.
68,1,Magistro chori. David. PSALMUS. Canticum.
69,1,"Magistro chori. Secundum "" Lilia... "". David."
70,1,Magistro chori. David. Ad commemorandum.
72,1,Salomonis.
73,1,PSALMUS. Asaph.
74,1,Maskil. Asaph.
75,1,"Magistro chori. Secundum "" Ne destruxeris "". PSALMUS. Asaph. Canticum."
76,1,Magistro chori. Fidibus. PSALMUS. Asaph. Canticum.
77,1,Magistro chori. Secundum Idithun. Asaph. PSALMUS.
78,1,Maskil. Asaph.
79,1,PSALMUS. Asaph.
80,1,"Magistro chori. Secundum "" Lilium praecepti "". Asaph. PSALMUS."
81,1,"Magistro chori. Secundum "" Torcularia... "". Asaph."
82,1,PSALMUS. Asaph.
83,1,Canticum. PSALMUS. Asaph.
84,1,"Magistro chori. Secundum "" Torcularia "". Filiorum Core. PSALMUS."
85,1,Magistro chori. Filiorum Core. PSALMUS.
86,1,Precatio. David.
87,1,Filiorum Core. PSALMUS. Canticum.
88,1,"Canticum. PSALMUS. Filiorum Core. Magistro chori. Secundum "" Mahalat "". Ad cantandum. Maskil. Heman Ezrahitae."
89,1,Maskil. Ethan Ezrahitae.
90,1,Precatio. Moysis viri Dei.
92,1,PSALMUS. Canticum. Pro die Sabbati.
98,1,PSALMUS.
100,1,PSALMUS. Ad gratiarum actionem.
101,1,David. PSALMUS.
103,1,David.
105,1,ALLELUIA.
106,1,ALLELUIA.
107,1,ALLELUIA.
108,1,Canticum. PSALMUS. David.
109,1,Magistro chori. David. PSALMUS.
110,1,David. PSALMUS.
111,1,ALLELUIA.
112,1,ALLELUIA.
113,1,ALLELUIA.
114,1,ALLELUIA.
116,1,ALLELUIA.
117,1,ALLELUIA.
118,1,ALLELUIA.
119,1,ALLELUIA.
120,1,Canticum ascensionum.
121,1,Canticum ascensionum.
122,1,Canticum ascensionum. David.
123,1,Canticum ascensionum.
124,1,Canticum ascensionum. David.
125,1,Canticum ascensionum.
126,1,Canticum ascensionum.
127,1,Canticum ascensionum. Salomonis.
128,1,Canticum ascensionum.
129,1,Canticum ascensionum.
130,1,Canticum ascensionum.
131,1,Canticum ascensionum. David.
132,1,Canticum ascensionum.
133,1,Canticum ascensionum. David.
134,1,Canticum ascensionum.
135,1,ALLELUIA.
136,1,ALLELUIA.
138,1,David.
139,1,Magistro chori. David. PSALMUS.
140,1,Magistro chori. PSALMUS. David.
141,1,PSALMUS. David.
142,1,"Maskil. David, cum esset in caverna. Precatio."
143,1,PSALMUS. David.
144,1,David.
145,1,Laudes. David.
146,1,ALLELUIA.
147,1,ALLELUIA.
148,1,ALLELUIA.
149,1,ALLELUIA.
150,1,ALLELUIA.
