libro,buscar,reemplazar,nota
I Paralipomenon,0 Hira Iethraeus,40 Hira Iethraeus,"vatican.va imprime '0' donde toca '40': se pierde el numeral del versiculo 40"
Proverbia,insu7per,insuper,"la cifra del numeral 7 se ha colado dentro de la palabra 'insuper'"
Ecclesiasticus,(20 Plenitudo,20 Plenitudo,"parentesis de apertura que la edicion nunca cierra, pegado al numeral"
Baruch,quam mi sit Ieremias,quam misit Ieremias,"la fuente parte la palabra: dice 'mi sit' por 'misit'"
Exodus,t enim murmur ve strum ”.,t enim murmur vestrum ”.,"palabra partida por un espacio en vatican.va (Exodus 16,9)"
Numeri, numeraverunt Moy ses et Aaron iuxt, numeraverunt Moyses et Aaron iuxt,"palabra partida por un espacio en vatican.va (Numeri 4,41)"
Deuteronomium,"nt sacerdotes le vitae, omnis tribus","nt sacerdotes levitae, omnis tribus","palabra partida por un espacio en vatican.va (Deuteronomium 18,1)"
II Samuelis,uod cor regis ver sum esset ad Absa,uod cor regis versum esset ad Absa,"palabra partida por un espacio en vatican.va (II Samuelis 14,1)"
I Regum,"a erat Naboth Iez rahelitae, quae erat in","a erat Naboth Iezrahelitae, quae erat in","palabra partida por un espacio en vatican.va (I Regum 21,1)"
II Paralipomenon,ravit pro eis Eze chias dicens: “ Dom,ravit pro eis Ezechias dicens: “ Dom,"palabra partida por un espacio en vatican.va (II Paralipomenon 30,18)"
Ecclesiastes,istent ei. Et fu niculus triplex non c,istent ei. Et funiculus triplex non c,"palabra partida por un espacio en vatican.va (Ecclesiastes 4,12)"
Ezechiel,mensae; et ad la tus alterum vesti,mensae; et ad latus alterum vesti,"palabra partida por un espacio en vatican.va (Ezechiel 40,40)"
Ionas,"r malum, quod lo cutus fuerat ut fac","r malum, quod locutus fuerat ut fac","palabra partida por un espacio en vatican.va (Ionas 3,10)"
I Maccabaeorum,it Simon quod con gregavit Tryphon exerc,it Simon quod congregavit Tryphon exerc,"palabra partida por un espacio en vatican.va (I Maccabaeorum 13,1)"
Matthaeus, sol in regno Pa tris eorum. Qui ha, sol in regno Patris eorum. Qui ha,"palabra partida por un espacio en vatican.va (Matthaeus 13,43)"
Matthaeus,iam prophetam di centem: “ Et acceper,iam prophetam dicentem: “ Et acceper,"palabra partida por un espacio en vatican.va (Matthaeus 27,9)"
Actus Apostolorum,rvenerunt eis sa cerdotes et magistratu,rvenerunt eis sacerdotes et magistratu,"palabra partida por un espacio en vatican.va (Actus Apostolorum 4,1)"
Actus Apostolorum,"ne Cornelius, cen turio cohortis, qua","ne Cornelius, centurio cohortis, qua","palabra partida por un espacio en vatican.va (Actus Apostolorum 10,1)"
I Ad Corinthios,ersus alterum iu dicari apud iniquos ,ersus alterum iudicari apud iniquos ,"palabra partida por un espacio en vatican.va (I Ad Corinthios 6,1)"
I Ad Corinthios," scripsistis, bo num est homini mu"," scripsistis, bonum est homini mu","palabra partida por un espacio en vatican.va (I Ad Corinthios 7,1)"
I Ad Corinthios,iber? Non sum apo stolus? Nonne Iesum ,iber? Non sum apostolus? Nonne Iesum ,"palabra partida por un espacio en vatican.va (I Ad Corinthios 9,1)"
I Ad Corinthios,im Dei quidam ha bent; ad reverenti,im Dei quidam habent; ad reverenti,"palabra partida por un espacio en vatican.va (I Ad Corinthios 15,34)"
Ad Ephesios, hoc enim est iu stum., hoc enim est iustum.,"palabra partida por un espacio en vatican.va (Ad Ephesios 6,1)"
Ad Philippenses,"i, gaudium et co rona mea, sic stat","i, gaudium et corona mea, sic stat","palabra partida por un espacio en vatican.va (Ad Philippenses 4,1)"
I Ad Timotheum,"s omni honore di gnos arbitrentur, ","s omni honore dignos arbitrentur, ","palabra partida por un espacio en vatican.va (I Ad Timotheum 6,1)"
Ad Hebraeos,"uturorum, non ip sam imaginem reru","uturorum, non ipsam imaginem reru","palabra partida por un espacio en vatican.va (Ad Hebraeos 10,1)"
Ad Hebraeos,et nos tantam ha bentes circumpositam,et nos tantam habentes circumpositam,"palabra partida por un espacio en vatican.va (Ad Hebraeos 12,1)"
I Petri, igitur omnem ma litiam et omnem dolu, igitur omnem malitiam et omnem dolu,"palabra partida por un espacio en vatican.va (I Petri 2,1)"
Apocalypsis,alium angelum for tem descendentem ,alium angelum fortem descendentem ,"palabra partida por un espacio en vatican.va (Apocalypsis 10,1)"
I Ad Corinthios,mulierem non non tangere,mulierem non tangere,"vatican.va duplica el ""non"" (1 Cor 7,1)"
Exodus, nec minuetur quid quam de opere vest, nec minuetur quidquam de opere vest,"palabra partida por un espacio en vatican.va (Exodus 5,11)"
Exodus, autem Israel ambu laverunt per siccum in, autem Israel ambulaverunt per siccum in,"palabra partida por un espacio en vatican.va (Exodus 15,19)"
Exodus,"ulum, ad quem ingre dieris; cunctorumque","ulum, ad quem ingredieris; cunctorumque","palabra partida por un espacio en vatican.va (Exodus 23,27)"
Leviticus,"ligas eum per po tentiam, sed metuito ","ligas eum per potentiam, sed metuito ","palabra partida por un espacio en vatican.va (Leviticus 25,43)"
Numeri,nos anniculos imma culatos quattuordecim,nos anniculos immaculatos quattuordecim,"palabra partida por un espacio en vatican.va (Numeri 29,20)"
Numeri,e locutus est Do minus ad Moysen in ,e locutus est Dominus ad Moysen in ,"palabra partida por un espacio en vatican.va (Numeri 35,1)"
Deuteronomium,imentum coram se nioribus civitatis.,imentum coram senioribus civitatis.,"palabra partida por un espacio en vatican.va (Deuteronomium 22,17)"
Deuteronomium,nec revelabit operi mentum eius.,nec revelabit operimentum eius.,"palabra partida por un espacio en vatican.va (Deuteronomium 23,1)"
Iudicum,Num quid melior es Bal,Numquid melior es Bal,"palabra partida por un espacio en vatican.va (Iudicum 11,25)"
I Samuelis,ugnare coepit ad versum Iabes Galaad.,ugnare coepit adversum Iabes Galaad.,"palabra partida por un espacio en vatican.va (I Samuelis 11,1)"
II Samuelis,"aul, ut David re verteretur a caede Amale","aul, ut David reverteretur a caede Amale","palabra partida por un espacio en vatican.va (II Samuelis 1,1)"
I Regum,avid senuerat habebat que aetatis pluri,avid senuerat habebatque aetatis pluri,"palabra partida por un espacio en vatican.va (I Regum 1,1)"
I Regum,lurimos dies; cum que operiretur ve,lurimos dies; cumque operiretur ve,"palabra partida por un espacio en vatican.va (I Regum 1,1)"
Esdrae,Se cundum vires suas de,Secundum vires suas de,"palabra partida por un espacio en vatican.va (Esdrae 2,69)"
Iudith, exaltationem po puli sui., exaltationem populi sui.,"palabra partida por un espacio en vatican.va (Iudith 12,8)"
Iudith,ositus est ad do mum Israel usque ,ositus est ad domum Israel usque ,"palabra partida por un espacio en vatican.va (Iudith 14,10)"
Iudith,"aculis erant, obstu puerunt super quod fa","aculis erant, obstupuerunt super quod fa","palabra partida por un espacio en vatican.va (Iudith 15,1)"
Psalmi,"on obliviscar man data tua, quia in ","on obliviscar mandata tua, quia in ","palabra partida por un espacio en vatican.va (Psalmi 119,93)"
Ecclesiasticus,a te notitiam ne quam.,a te notitiam nequam.,"palabra partida por un espacio en vatican.va (Ecclesiasticus 9,1)"
Ieremias," viatorum, et de relinquam populum meum "," viatorum, et derelinquam populum meum ","palabra partida por un espacio en vatican.va (Ieremias 9,1)"
Ezechiel,et ecce aquae egre diebantur subter limen ,et ecce aquae egrediebantur subter limen ,"palabra partida por un espacio en vatican.va (Ezechiel 47,1)"
I Maccabaeorum,quia non audie runt Iudam et frat,quia non audierunt Iudam et frat,"palabra partida por un espacio en vatican.va (I Maccabaeorum 5,61)"
Matthaeus,"od in te est, tene brae sunt, tenebra","od in te est, tenebrae sunt, tenebra","palabra partida por un espacio en vatican.va (Matthaeus 6,23)"
Lucas,"lia sunt apud homi nes, possibilia s","lia sunt apud homines, possibilia s","palabra partida por un espacio en vatican.va (Lucas 18,27)"
Lucas,am Iudaeam et in cipiens a Galilaea us,am Iudaeam et incipiens a Galilaea us,"palabra partida por un espacio en vatican.va (Lucas 23,5)"
Actus Apostolorum,em et Ioannes ascen debant in templum ad,em et Ioannes ascendebant in templum ad,"palabra partida por un espacio en vatican.va (Actus Apostolorum 3,1)"
Actus Apostolorum,"t Antiochiae, pro phetae et doctores: ","t Antiochiae, prophetae et doctores: ","palabra partida por un espacio en vatican.va (Actus Apostolorum 13,1)"
Actus Apostolorum,do introirent syna gogam Iudaeorum et ,do introirent synagogam Iudaeorum et ,"palabra partida por un espacio en vatican.va (Actus Apostolorum 14,1)"
Actus Apostolorum,s quia Melita in sula vocatur.,s quia Melita insula vocatur.,"palabra partida por un espacio en vatican.va (Actus Apostolorum 28,1)"
Ad Romanos, progenitorem no strum secundum carn, progenitorem nostrum secundum carn,"palabra partida por un espacio en vatican.va (Ad Romanos 4,1)"
I Ad Corinthios,timet homo ut mi nistros Christi et di,timet homo ut ministros Christi et di,"palabra partida por un espacio en vatican.va (I Ad Corinthios 4,1)"
I Ad Corinthios,"tur inter vos for nicatio, et talis for","tur inter vos fornicatio, et talis for","palabra partida por un espacio en vatican.va (I Ad Corinthios 5,1)"
II Ad Corinthios,em ego Paulus obse cro vos per mansu,em ego Paulus obsecro vos per mansu,"palabra partida por un espacio en vatican.va (II Ad Corinthios 10,1)"
II Ad Corinthios, sustineretis modi cum quid insipien, sustineretis modicum quid insipien,"palabra partida por un espacio en vatican.va (II Ad Corinthios 11,1)"
Ad Ephesios,ssetis mortui de lictis et peccatis v,ssetis mortui delictis et peccatis v,"palabra partida por un espacio en vatican.va (Ad Ephesios 2,1)"
Ad Philippenses,"quod solacium cari tatis, si qua commu","quod solacium caritatis, si qua commu","palabra partida por un espacio en vatican.va (Ad Philippenses 2,1)"
Ad Colossenses,"resurrexistis Chri sto, quae sursum ","resurrexistis Christo, quae sursum ","palabra partida por un espacio en vatican.va (Ad Colossenses 3,1)"
Ad Colossenses,"is praestate, scien tes quoniam et vo","is praestate, scientes quoniam et vo","palabra partida por un espacio en vatican.va (Ad Colossenses 4,1)"
I Ad Timotheum,"ermo: si quis episco patum appetit, bonu","ermo: si quis episcopatum appetit, bonu","palabra partida por un espacio en vatican.va (I Ad Timotheum 3,1)"
I Ad Timotheum,"t, bonum opus de siderat.","t, bonum opus desiderat.","palabra partida por un espacio en vatican.va (I Ad Timotheum 3,1)"
II Ad Timotheum,"cito, quod in no vissimis diebus instab","cito, quod in novissimis diebus instab","palabra partida por un espacio en vatican.va (II Ad Timotheum 3,1)"
II Ad Timotheum,bus instabunt tem pora periculosa.,bus instabunt tempora periculosa.,"palabra partida por un espacio en vatican.va (II Ad Timotheum 3,1)"
Ad Titum," principibus, pote statibus subditos esse"," principibus, potestatibus subditos esse","palabra partida por un espacio en vatican.va (Ad Titum 3,1)"
Ad Hebraeos,"pse tentatus, po tens est eis, qui ","pse tentatus, potens est eis, qui ","palabra partida por un espacio en vatican.va (Ad Hebraeos 2,18)"
Ad Hebraeos,"introeundi in re quiem eius, existim","introeundi in requiem eius, existim","palabra partida por un espacio en vatican.va (Ad Hebraeos 4,1)"
Ad Hebraeos,"ei summi, qui ob viavit Abrahae regre","ei summi, qui obviavit Abrahae regre","palabra partida por un espacio en vatican.va (Ad Hebraeos 7,1)"
Ad Hebraeos,"talem habemus ponti ficem, qui consedit","talem habemus pontificem, qui consedit","palabra partida por un espacio en vatican.va (Ad Hebraeos 8,1)"
Ad Hebraeos,itatem nolite obli visci; per hanc eni,itatem nolite oblivisci; per hanc eni,"palabra partida por un espacio en vatican.va (Ad Hebraeos 13,2)"
I Petri,"ior et testis Chri sti passionum, qu","ior et testis Christi passionum, qu","palabra partida por un espacio en vatican.va (I Petri 5,1)"
I Petri,bilem gloriae coro nam.,bilem gloriae coronam.,"palabra partida por un espacio en vatican.va (I Petri 5,4)"
II Petri,"arissimi, iam se cundam scribo epistu","arissimi, iam secundam scribo epistu","palabra partida por un espacio en vatican.va (II Petri 3,1)"
I Ioannis,". Sed si quis pecca verit, advocatum ha",". Sed si quis peccaverit, advocatum ha","palabra partida por un espacio en vatican.va (I Ioannis 2,1)"
Apocalypsis,signum magnum appa ruit in caelo: mul,signum magnum apparuit in caelo: mul,"palabra partida por un espacio en vatican.va (Apocalypsis 12,1)"
Apocalypsis,"tem, habentem cor nua decem et capi","tem, habentem cornua decem et capi","palabra partida por un espacio en vatican.va (Apocalypsis 13,1)"
Apocalypsis,centem septem an gelis: “ Ite et eff,centem septem angelis: “ Ite et eff,"palabra partida por un espacio en vatican.va (Apocalypsis 16,1)"
Apocalypsis,ec vidi alium ange lum descendentem ,ec vidi alium angelum descendentem ,"palabra partida por un espacio en vatican.va (Apocalypsis 18,1)"
Apocalypsis, audivi quasi vo cem magnam turbae, audivi quasi vocem magnam turbae,"palabra partida por un espacio en vatican.va (Apocalypsis 19,1)"
Ad Colossenses,"udinem habeam pro vo bis et pro his, q","udinem habeam pro vobis et pro his, q","palabra partida por un espacio en vatican.va (Ad Colossenses 2,1)"
II Petri,"ulo, sicut et in vo bis erunt magistr","ulo, sicut et in vobis erunt magistr","palabra partida por un espacio en vatican.va (II Petri 2,1)"
II Petri,"erunt vero et pseudopro phetae in populo, si","erunt vero et pseudoprophetae in populo, si","palabra partida por un espacio en vatican.va (II Petri 2,1)"
Ad Galatas,"stigmata Iesu in super corpore meo porto","stigmata Iesu in corpore meo porto","vatican.va cuela un ""super"" en Gal 6,17: el propio Ordo lectionum Missae de 1981 titula esa lectura ""Stigmata Iesu in corpore meo porto"""
