archivo,celebracion,tipo,cita,libro_vulgata,desfase_propuesto,coincidencia_0,coincidencia_propuesta,mejora
4281PTOV13.html,Viernes de la 13ª semana de Tiempo Ordinario,salmo responsorial,"Sal 118,2.10.20.30.40.131",Psalmi,2,0.118,0.235,0.118
4263PTOV10.html,Viernes de la 10ª semana de Tiempo Ordinario,salmo responsorial,"Sal 26,7-8a.8b-9abc.13-14",Psalmi,-2,0.0,0.111,0.111
4358PTOJ26.html,Jueves de la 26ª semana de Tiempo Ordinario,salmo responsorial,"Sal 26,7-8a.8b-9abc.13-14",Psalmi,-2,0.0,0.111,0.111
4348PTOS24.html,Sábado de la 24ª semana de Tiempo Ordinario,salmo responsorial,"Sal 55,10.11-12.13.14",Psalmi,-3,0.091,0.182,0.091
7038TFJDEP.html,10 DE ENERO — Jueves después de Epifanía,salmo responsorial,"Sal 71,1-2.14.15bc.17",Psalmi,2,0.043,0.13,0.087
4307PTOL18.html,Lunes de la 18ª semana de Tiempo Ordinario,salmo responsorial,"Sal 118,29.43.79.80.95.102",Psalmi,-2,0.042,0.125,0.083
4123ITOX21.html,Miércoles de la 21ª semana de Tiempo Ordinario,salmo responsorial,"Sal 138,7-8.9-10.11-12ab",Psalmi,-3,0.0,0.077,0.077
7012TAVS02.html,Sábado de la 2ª semana de Adviento,evangelio,"Mt 17,10-13",Matthæus,-3,0.185,0.259,0.074
7103TPAJ04.html,Jueves de la cuarta semana de Pascua,evangelio,"Jn 13,16-20",Joannes,2,0.037,0.111,0.074
2018BCUD05.html,Quinto domingo de Cuaresma,salmo responsorial,"Sal 50,3-4.12-13.14-15",Psalmi,3,0.071,0.143,0.071
1002AAVD02.html,Domingo 2º de Adviento,salmo responsorial,"Sal 71,1-2.7-8.12-13.17",Psalmi,2,0.103,0.172,0.069
3053CTOD20.html,Domingo de la 20ª semana de Tiempo Ordinario,evangelio,"Lc 12,49-53",Lucas,2,0.069,0.138,0.069
4172ITOJ29.html,Jueves de la 29ª semana de Tiempo Ordinario,evangelio,"Lc 12,49-53",Lucas,2,0.069,0.138,0.069
4376PTOJ29.html,Jueves de la 29ª semana de Tiempo Ordinario,evangelio,"Lc 12,49-53",Lucas,2,0.069,0.138,0.069
7002TAVM01.html,Martes de la 1ª semana de Adviento,salmo responsorial,"Sal 71,1-2.7-8.12-13.17",Psalmi,2,0.103,0.172,0.069
4222PTOS03.html,Sábado de la 3ª semana de Tiempo Ordinario,primera lectura,"2 S 12,1-7a.10-17",Regum II,2,0.1,0.163,0.062
4362PTOM27.html,Martes de la 27ª semana de Tiempo Ordinario,salmo responsorial,"Sal 138,1-3.13-14ab.14c-15",Psalmi,1,0.0,0.062,0.062
7116TPAV06.html,Viernes de la sexta semana de Pascua,evangelio,"Jn 16,20-23a",Joannes,-3,0.061,0.121,0.061
4005ITOV01.html,Viernes de la 1ª semana de Tiempo Ordinario,primera lectura,"Hb 4,1-5.11",Ad Hebræos,2,0.078,0.137,0.059
3041CTOD08.html,Domingo de la 8ª semana de Tiempo Ordinario,segunda lectura,"1 Co 15,54-58",Ad Corinthios I,-1,0.114,0.171,0.057
1039ATOD06.html,Domingo de la 6ª semana de Tiempo Ordinario,evangelio,"Mt 5,20-22a.27-28.33-34a.37",Matthæus,-1,0.083,0.139,0.056
3026CPAD04.html,Cuarto domingo de Pascua,evangelio,"Jn 10,27-30",Joannes,-2,0.056,0.111,0.056
4279PTOX13.html,Miércoles de la 13ª semana de Tiempo Ordinario,primera lectura,"Am 5,14-15.21-24",Amos,1,0.073,0.122,0.049
7035TFLDEP.html,7 DE ENERO — Lunes después de Epifanía,salmo responsorial,"Sal 2,7-8.10-12a",Psalmi,1,0.095,0.143,0.048
7053TCUX02.html,Miércoles de la 2ª semana de Cuaresma,salmo responsorial,"Sal 30,5-6.14.15-16",Psalmi,-3,0.095,0.143,0.048
2045BTOD12.html,Domingo de la 12ª semana de Tiempo Ordinario,primera lectura,"Jb 38,1.8-11",Job,1,0.045,0.091,0.045
3052CTOD19.html,Domingo de la 19ª semana de Tiempo Ordinario,primera lectura,"Sb 18,6-9",Sapientia,-3,0.068,0.114,0.045
4392PTOM32.html,Martes de la 32ª semana de Tiempo Ordinario,salmo responsorial,"Sal 36,3-4.18.23.27.29",Psalmi,-1,0.045,0.091,0.045
7026TON529.html,29 de diciembre: 5º día de la octava de Navidad,salmo responsorial,"Sal 95,1-2a.2b-3.5b-6",Psalmi,1,0.091,0.136,0.045
1046ATOD13.html,Domingo de la 13ª semana de Tiempo Ordinario,primera lectura,"2 R 4,8-11.14-16a",Regum IV,-3,0.13,0.174,0.043
2032BFSATR.html,La Santísima Trinidad,segunda lectura,"Rm 8,14-17",Ad Romanos,1,0.217,0.261,0.043
4116ITOM20.html,Martes de la 20ª semana de Tiempo Ordinario,salmo responsorial,"Sal 84,9.11-12.13-14",Psalmi,-3,0.13,0.174,0.043
4282PTOS13.html,Sábado de la 13ª semana de Tiempo Ordinario,salmo responsorial,"Sal 84,9.11-12.13-14",Psalmi,-3,0.13,0.174,0.043
7071MLCU05.html,Misa de libre elección: quinta semana de Cuaresma,primera lectura,"2 R 4,18b-21.32-37",Regum IV,1,0.061,0.102,0.041
3063CTOD30.html,leccionario ciclo C.Domingo de la 30ª semana de tiempo ordinario,desconocido,"Eclo 35,12-14.16-18",Ecclesiasticus,2,0.04,0.08,0.04
4214PTOJ02.html,Jueves de la 2ª semana de Tiempo Ordinario,salmo responsorial,"Sal 55,2-3.9-10.11-12.13",Psalmi,-1,0.16,0.2,0.04
4283PTOL14.html,Lunes de la 14ª semana de Tiempo Ordinario,primera lectura,"Os 2,16.17b-18.21-22",Osee,-1,0.16,0.2,0.04
7095TPAM03.html,Martes de la tercera semana de Pascua,salmo responsorial,"Sal 30,3cd-4.6ab.7b.8a.17.21ab",Psalmi,1,0.16,0.2,0.04
