sal_desde,sal_hasta,vers_desde,vers_hasta,hebreo,offset,nota
1,8,1,999,=,0,"Sal 1-8: la numeracion griega y la hebrea coinciden"
9,9,1,21,9,0,"el Sal 9 griego se parte en dos: los vv. 1-21 son el Sal 9 de la Nova Vulgata"
9,9,22,39,10,-21,"y los vv. 22-39 son el Sal 10, renumerados 1-18"
10,112,1,999,+1,0,"del 10 al 112 el numero hebreo va uno por delante del griego"
113,113,1,8,114,0,"el Sal 113 griego se parte en dos: los vv. 1-8 son el Sal 114"
113,113,9,26,115,-8,"y los vv. 9-26 son el Sal 115, renumerados 1-18. El leccionario escribe 113 A y 113 B, y 3_normalize_refs.py ya lo pasa a la numeracion corrida del griego"
114,114,1,9,116,0,"el Sal 116 hebreo funde el 114 y el 115 griegos: 114,1-9 = 116,1-9"
115,115,10,19,116,0,"el leccionario cita el Sal 115 ya con los versiculos del hebreo (10-19)"
115,115,1,9,116,9,"si lo citara con los del griego (1-10) haria falta este +9"
116,145,1,999,+1,0,"del 116 al 145 el numero hebreo vuelve a ir uno por delante"
146,146,1,11,147,0,"el Sal 147 hebreo funde el 146 y el 147 griegos: 146,1-11 = 147,1-11"
147,147,12,20,147,0,"el leccionario cita el Sal 147 ya con los versiculos del hebreo (12-20)"
147,147,1,11,147,11,"si lo citara con los del griego (1-9) haria falta este +11"
148,150,1,999,=,0,"Sal 148-150: la numeracion griega y la hebrea coinciden"
