mes,dia,movil,nombre,grado,ambito,fuente,nota
1,2,,"Santos Basilio Magno y Gregorio de Nacianzo, obispos y doctores de la Iglesia",memoria,general,pdf,
1,7,,"San Raimundo de Peñafort, presbítero",memoria_libre,general,pdf,
1,13,,"San Hilario, obispo y doctor de la Iglesia",memoria_libre,general,pdf,
1,17,,"San Antonio, abad",memoria,general,pdf,
1,20,,"San Fabián, papa y mártir",memoria_libre,general,pdf,
1,20,,"San Sebastián, mártir",memoria_libre,general,pdf,
1,21,,"Santa Inés, virgen y mártir",memoria,general,pdf,
1,22,,"San Vicente, diácono y mártir",memoria_libre,general,pdf,
1,24,,"San Francisco de Sales, obispo y doctor de la Iglesia",memoria,general,pdf,
1,25,,"La Conversión de san Pablo, apóstol",fiesta,general,pdf,
1,26,,"Santos Timoteo y Tito, obispos",memoria,general,pdf,
1,27,,"Santa Ángela de Merici, virgen",memoria_libre,general,pdf,
1,28,,"Santo Tomás de Aquino, presbítero y doctor de la Iglesia",memoria,general,pdf,
1,31,,"San Juan Bosco, presbítero",memoria,general,pdf,
2,2,,"La Presentación del Señor",fiesta,general,pdf,
2,3,,"San Blas, obispo y mártir",memoria_libre,general,pdf,
2,3,,"San Óscar, obispo",memoria_libre,general,pdf,
2,5,,"Santa Águeda, virgen y mártir",memoria,general,pdf,
2,6,,"Santos Pablo Miki y compañeros, mártires",memoria,general,pdf,
2,8,,"San Jerónimo Emiliano",memoria_libre,general,pdf,
2,10,,"Santa Escolástica, virgen",memoria,general,pdf,
2,11,,"Nuestra Señora de Lourdes",memoria_libre,general,pdf,
2,14,,"Santos Cirilo, monje, y Metodio, obispo",memoria,general,pdf,
2,17,,"Los siete santos Fundadores de la Orden de los Siervos de santa María Virgen",memoria_libre,general,pdf,
2,21,,"San Pedro Damián, obispo y doctor de la Iglesia",memoria_libre,general,pdf,
2,22,,"La Cátedra de san Pedro, apóstol",fiesta,general,pdf,
2,23,,"San Policarpo, obispo y mártir",memoria,general,pdf,
3,4,,"San Casimiro",memoria,general,pdf,
3,7,,"Santas Perpetua y Felícitas, mártires",memoria,general,pdf,
3,8,,"San Juan de Dios, religioso",memoria_libre,general,pdf,
3,9,,"Santa Francisca Romana, religiosa",memoria_libre,general,pdf,
3,17,,"San Patricio, obispo",memoria_libre,general,pdf,
3,18,,"San Cirilo de Jerusalén, obispo y doctor de la Iglesia",memoria_libre,general,pdf,
3,19,,"San José, esposo de santa María Virgen",solemnidad,general,pdf,
3,23,,"Santo Toribio de Mogrovejo, obispo",memoria_libre,general,pdf,
3,25,,"La Anunciación del Señor",solemnidad,general,pdf,
4,2,,"San Francisco de Paula, ermitaño",memoria_libre,general,pdf,
4,4,,"San Isidoro, obispo y doctor de la Iglesia",memoria_libre,general,pdf,
4,5,,"San Vicente Ferrer, presbítero",memoria_libre,general,pdf,
4,7,,"San Juan Bautista de la Salle, presbítero",memoria,general,pdf,
4,11,,"San Estanislao, obispo y mártir",memoria,general,pdf,
4,13,,"San Martín I, papa y mártir",memoria_libre,general,pdf,
4,21,,"San Anselmo, obispo y doctor de la Iglesia",memoria_libre,general,pdf,
4,23,,"San Jorge, mártir",memoria_libre,general,pdf,
4,23,,"San Adalberto, obispo y mártir",memoria_libre,general,pdf,
4,24,,"San Fidel de Sigmaringen, presbítero y mártir",memoria_libre,general,pdf,
4,25,,"San Marcos, evangelista",fiesta,general,pdf,
4,28,,"San Pedro Chanel, presbítero y mártir",memoria_libre,general,pdf,
4,28,,"San Luis María Grignion de Monfort, presbítero",memoria_libre,general,pdf,
4,29,,"Santa Catalina de Siena, virgen y doctora de la Iglesia",memoria,general,pdf,
4,30,,"San Pío V, papa",memoria_libre,general,pdf,
5,1,,"San José Obrero",memoria_libre,general,pdf,
5,2,,"San Atanasio, obispo y doctor de la Iglesia",memoria,general,pdf,
5,3,,"Santos Felipe y Santiago, apóstoles",fiesta,general,pdf,
5,12,,"Santos Nereo y Aquileo, mártires",memoria_libre,general,pdf,
5,12,,"San Pancracio, mártir",memoria_libre,general,pdf,
5,14,,"San Matías, apóstol",fiesta,general,pdf,
5,18,,"San Juan I, papa y mártir",memoria_libre,general,pdf,
5,20,,"San Bernardino de Siena, presbítero",memoria_libre,general,pdf,
5,25,,"San Beda el Venerable, presbítero y doctor de la Iglesia",memoria_libre,general,pdf,
5,25,,"San Gregorio VII, papa",memoria_libre,general,pdf,
5,25,,"Santa María Magdalena de Pazzi, virgen",memoria_libre,general,pdf,
5,26,,"San Felipe Neri, presbítero",memoria,general,pdf,
5,27,,"San Agustín de Cantorbery, obispo",memoria_libre,general,pdf,
5,31,,"La Visitación de la Santísima Virgen María",fiesta,general,pdf,
6,1,,"San Justino, mártir",memoria,general,pdf,
6,2,,"Santos Marcelino y Pedro, mártires",memoria_libre,general,pdf,
6,3,,"Santos Carlos Lwanga y compañeros, mártires",memoria,general,pdf,
6,5,,"San Bonifacio, obispo y mártir",memoria,general,pdf,
6,6,,"San Norberto, obispo",memoria_libre,general,pdf,
6,9,,"San Efrén, diácono y doctor de la Iglesia",memoria_libre,general,pdf,
6,11,,"San Bernabé, apóstol",memoria,general,pdf,
6,13,,"San Antonio de Padua, presbítero y doctor de la Iglesia",memoria,general,pdf,
6,19,,"San Romualdo, abad",memoria_libre,general,pdf,
6,21,,"San Luis Gonzaga, religioso",memoria,general,pdf,
6,22,,"San Paulino de Nola, obispo",memoria_libre,general,pdf,
6,22,,"Santos Juan Fisher, obispo, y Tomás Moro, mártires",memoria_libre,general,pdf,
6,24,,"El Nacimiento de san Juan Bautista",solemnidad,general,pdf,
6,27,,"San Cirilo de Alejandría, obispo y doctor de la Iglesia",memoria_libre,general,pdf,
6,28,,"San Ireneo, obispo y mártir",memoria,general,pdf,
6,29,,"Santos Pedro y Pablo, apóstoles",solemnidad,general,pdf,
6,30,,"Primeros mártires de la Iglesia de Roma",memoria_libre,general,pdf,
,,inmaculado_corazon,"El Inmaculado Corazón de la Santísima Virgen María",memoria_libre,general,pdf,"sábado posterior al domingo II después de Pentecostés; el Calendario general la elevó a memoria obligatoria en el año 2000, y esta edición es anterior"
7,3,,"Santo Tomás, apóstol",fiesta,general,pdf,
7,4,,"Santa Isabel de Portugal",memoria_libre,general,pdf,
7,5,,"San Antonio María Zaccarías, presbítero",memoria_libre,general,pdf,
7,6,,"Santa María Goretti, virgen y mártir",memoria_libre,general,pdf,
7,11,,"San Benito, abad",memoria,general,pdf,
7,13,,"San Enrique",memoria_libre,general,pdf,
7,14,,"San Camilo de Lelis, presbítero",memoria_libre,general,pdf,
7,15,,"San Buenaventura, obispo y doctor de la Iglesia",memoria,general,pdf,
7,16,,"Nuestra Señora del Carmen",memoria_libre,general,pdf,
7,21,,"San Lorenzo de Brindis, presbítero y doctor de la Iglesia",memoria_libre,general,pdf,
7,22,,"Santa María Magdalena",memoria,general,pdf,
7,23,,"Santa Brígida, religiosa",memoria_libre,general,pdf,
7,25,,"Santiago, apóstol",fiesta,general,pdf,
7,26,,"Santos Joaquín y Ana, padres de la Santísima Virgen María",memoria,general,pdf,
7,29,,"Santa Marta",memoria,general,pdf,
7,30,,"San Pedro Crisólogo, obispo y doctor de la Iglesia",memoria_libre,general,pdf,
7,31,,"San Ignacio de Loyola, presbítero",memoria,general,pdf,
8,1,,"San Alfonso María de Ligorio, obispo y doctor de la Iglesia",memoria,general,calco,
8,2,,"San Eusebio de Vercelli, obispo",memoria_libre,general,calco,
8,2,,"San Pedro Julián Eymard, presbítero",memoria_libre,general,calco,
8,4,,"San Juan María Vianney, presbítero",memoria,general,calco,
8,5,,"Dedicación de la basílica de Santa María",memoria_libre,general,calco,
8,6,,"La Transfiguración del Señor",fiesta,general,calco,
8,7,,"Santos Sixto II, papa, y compañeros, mártires",memoria_libre,general,calco,
8,7,,"San Cayetano, presbítero",memoria_libre,general,calco,
8,8,,"Santo Domingo, presbítero",memoria,general,calco,
8,10,,"San Lorenzo, diácono y mártir",fiesta,general,calco,
8,11,,"Santa Clara, virgen",memoria,general,calco,
8,13,,"Santos Ponciano, papa, e Hipólito, mártires",memoria_libre,general,calco,
8,14,,"San Maximiliano María Kolbe, presbítero y mártir",memoria,general,calco,
8,15,,"La Asunción de la Santísima Virgen María",solemnidad,general,calco,
8,16,,"San Esteban de Hungría",memoria_libre,general,calco,
8,19,,"San Juan Eudes, presbítero",memoria_libre,general,calco,
8,20,,"San Bernardo, abad y doctor de la Iglesia",memoria,general,calco,
8,21,,"San Pío X, papa",memoria,general,calco,
8,22,,"La Santísima Virgen María, Reina",memoria,general,calco,
8,23,,"Santa Rosa de Lima, virgen",fiesta,latinoamericano,calco,"en algunos lugares se celebra el 30 de agosto"
8,24,,"San Bartolomé, apóstol",fiesta,general,calco,
8,25,,"San Luis",memoria_libre,general,calco,
8,25,,"San José de Calasanz, presbítero",memoria_libre,general,calco,
8,27,,"Santa Mónica",memoria,general,calco,
8,28,,"San Agustín, obispo y doctor de la Iglesia",memoria,general,calco,
8,29,,"El Martirio de san Juan Bautista",memoria,general,calco,
9,3,,"San Gregorio Magno, papa y doctor de la Iglesia",memoria,general,calco,
9,8,,"La Natividad de la Santísima Virgen María",fiesta,general,calco,
9,9,,"San Pedro Claver, presbítero",memoria_libre,general,calco,
9,13,,"San Juan Crisóstomo, obispo y doctor de la Iglesia",memoria,general,calco,
9,14,,"La Exaltación de la Santa Cruz",fiesta,general,calco,
9,15,,"Nuestra Señora de los Dolores",memoria,general,calco,
9,16,,"Santos Cornelio, papa, y Cipriano, obispo, mártires",memoria,general,calco,
9,17,,"San Roberto Belarmino, obispo y doctor de la Iglesia",memoria_libre,general,calco,
9,19,,"San Jenaro, obispo y mártir",memoria_libre,general,calco,
9,20,,"Santos Andrés Kim Taegon, presbítero, Pablo Chong Hasang y compañeros, mártires",memoria,general,calco,
9,21,,"San Mateo, apóstol y evangelista",fiesta,general,calco,
9,26,,"Santos Cosme y Damián, mártires",memoria_libre,general,calco,
9,27,,"San Vicente de Paúl, presbítero",memoria,general,calco,
9,28,,"San Wenceslao, mártir",memoria_libre,general,calco,
9,28,,"Santos Lorenzo Ruiz y compañeros, mártires",memoria_libre,general,calco,
9,29,,"Santos Arcángeles Miguel, Gabriel y Rafael",fiesta,general,calco,
9,30,,"San Jerónimo, presbítero y doctor de la Iglesia",memoria,general,calco,
10,1,,"Santa Teresa del Niño Jesús, virgen",memoria,general,pdf,
10,2,,"Santos Ángeles Custodios",memoria,general,pdf,
10,4,,"San Francisco de Asís",memoria,general,pdf,
10,6,,"San Bruno, presbítero",memoria_libre,general,pdf,
10,7,,"Nuestra Señora del Rosario",memoria,general,pdf,
10,9,,"Santos Dionisio, obispo, y compañeros, mártires",memoria_libre,general,pdf,
10,9,,"San Juan Leonardi, presbítero",memoria_libre,general,pdf,
10,14,,"San Calixto I, papa y mártir",memoria_libre,general,pdf,
10,15,,"Santa Teresa de Jesús, virgen y doctora de la Iglesia",memoria,general,pdf,
10,16,,"Santa Eduviges, religiosa",memoria_libre,general,pdf,
10,16,,"Santa Margarita María Alacoque, virgen",memoria_libre,general,pdf,
10,17,,"San Ignacio de Antioquía, obispo y mártir",memoria,general,pdf,
10,18,,"San Lucas, evangelista",fiesta,general,pdf,
10,19,,"Santos Juan de Brébeuf e Isaac Jogues, presbíteros, y compañeros, mártires",memoria_libre,general,pdf,
10,19,,"San Pablo de la Cruz, presbítero",memoria_libre,general,pdf,
10,23,,"San Juan de Capistrano, presbítero",memoria_libre,general,pdf,
10,24,,"San Antonio María Claret, obispo",memoria_libre,general,pdf,
10,28,,"Santos Simón y Judas, apóstoles",fiesta,general,pdf,
11,1,,"Todos los Santos",solemnidad,general,pdf,
11,2,,"Conmemoración de todos los fieles difuntos",conmemoracion,general,pdf,"la Tabla de los días litúrgicos la pone en el n. 3, con las solemnidades"
11,3,,"San Martín de Porres, religioso",memoria_libre,general,pdf,
11,4,,"San Carlos Borromeo, obispo",memoria,general,pdf,
11,9,,"Dedicación de la basílica de Letrán",fiesta,general,pdf,
11,10,,"San León Magno, papa y doctor de la Iglesia",memoria,general,pdf,
11,11,,"San Martín, obispo",memoria,general,pdf,
11,12,,"San Josafat, obispo y mártir",memoria,general,pdf,
11,15,,"San Alberto Magno, obispo y doctor de la Iglesia",memoria_libre,general,pdf,
11,16,,"Santa Margarita de Escocia",memoria_libre,general,pdf,
11,16,,"Santa Gertrudis, virgen",memoria_libre,general,pdf,
11,17,,"Santa Isabel de Hungría",memoria,general,pdf,
11,18,,"Dedicación de las basílicas de San Pedro y de San Pablo, apóstoles",memoria_libre,general,pdf,
11,21,,"La Presentación de la Santísima Virgen María",memoria,general,pdf,
11,22,,"Santa Cecilia, virgen y mártir",memoria,general,pdf,
11,23,,"San Clemente I, papa y mártir",memoria_libre,general,pdf,
11,23,,"San Columbano, abad",memoria_libre,general,pdf,
11,24,,"Santos Andrés Dung-Lac, presbítero, y compañeros, mártires",memoria,general,pdf,
11,30,,"San Andrés, apóstol",fiesta,general,pdf,
12,3,,"San Francisco Javier, presbítero",memoria,general,pdf,
12,4,,"San Juan Damasceno, presbítero y doctor de la Iglesia",memoria_libre,general,pdf,
12,6,,"San Nicolás, obispo",memoria_libre,general,pdf,
12,7,,"San Ambrosio, obispo y doctor de la Iglesia",memoria,general,pdf,
12,8,,"La Inmaculada Concepción de la Santísima Virgen María",solemnidad,general,pdf,
12,11,,"San Dámaso I, papa",memoria_libre,general,pdf,
12,12,,"Nuestra Señora de Guadalupe",fiesta,latinoamericano,pdf,
12,13,,"Santa Lucía, virgen y mártir",memoria,general,pdf,
12,14,,"San Juan de la Cruz, presbítero y doctor de la Iglesia",memoria,general,pdf,
12,21,,"San Pedro Canisio, presbítero y doctor de la Iglesia",memoria_libre,general,pdf,
12,23,,"San Juan de Kanty, presbítero",memoria_libre,general,pdf,
12,26,,"San Esteban, protomártir",fiesta,general,pdf,
12,27,,"San Juan, apóstol y evangelista",fiesta,general,pdf,
12,28,,"Los Santos Inocentes, mártires",fiesta,general,pdf,
12,29,,"Santo Tomás Becket, obispo y mártir",memoria_libre,general,pdf,
12,31,,"San Silvestre I, papa",memoria_libre,general,pdf,
