rango,texto
1,"El Triduo pascual de la Pasión y de la Resurrección del Señor."
2,"Natividad del Señor, Epifanía, Ascensión, Pentecostés. Los domingos de Adviento, Cuaresma y Pascua. El Miércoles de Ceniza. Las ferias de Semana Santa, desde el Lunes santo al Jueves santo, ambos inclusive. Los días dentro de la octava de Pascua."
3,"Las solemnidades del Señor, de la Santísima Virgen y de los santos inscritas en el Calendario general. La Conmemoración de todos los fieles difuntos."
4,"Las solemnidades propias: a) del patrono principal del lugar; b) de la dedicación y del aniversario de la iglesia propia; c) del título de la iglesia propia; d) del título, del fundador o del patrono principal de la orden o de la congregación."
5,"Las fiestas del Señor inscritas en el Calendario general."
6,"Los domingos del tiempo de Navidad y los del tiempo ordinario."
7,"Las fiestas de la Santísima Virgen y de los santos inscritas en el Calendario general."
8,"Las fiestas propias: a) del patrono principal de la diócesis; b) del aniversario de la dedicación de la iglesia catedral; c) del patrono principal de la región, provincia, nación o territorio más extenso; d) del título, fundador o patrono principal de la orden, congregación o provincia religiosa; e) otras fiestas propias de alguna iglesia; f) las otras fiestas inscritas en el calendario de cada diócesis, orden o congregación."
9,"Las ferias de Adviento desde el 17 al 24 de diciembre, ambas inclusive. Los días dentro de la octava de Navidad. Las ferias de Cuaresma."
10,"Las memorias obligatorias inscritas en el Calendario general."
11,"Las memorias obligatorias propias: a) del patrono secundario del lugar, de la diócesis, de la región, de la provincia religiosa; b) las otras memorias obligatorias inscritas en el calendario de la diócesis, de la orden o de la congregación."
12,"Las memorias libres, las cuales pueden celebrarse también en los días mencionados en el número 9, de acuerdo con las normas particulares descritas en los Principios y normas generales del Misal romano y de la Liturgia de las Horas. En la misma forma, las memorias obligatorias que accidentalmente coincidan con las ferias de Cuaresma pueden celebrarse como memorias libres."
13,"Las ferias de Adviento hasta el día 16 de diciembre inclusive. Las ferias del tiempo de Navidad desde el día 2 de enero hasta el sábado después de Epifanía. Las ferias del tiempo pascual, desde el lunes después de la octava de Pascua hasta el sábado anterior a Pentecostés inclusive. Las ferias del tiempo ordinario."
