libro_vulgata,cap,vers_desde,vers_hasta,cap_destino,offset,expandir,nota
Psalmi,115,10,19,115,-9,0,"Clem Ps 115 = Heb 116,10-19 renumerado 1-10; el leccionario usa el numero de salmo de la Vulgata con la numeracion de versiculos hebrea"
Psalmi,147,12,20,147,-11,0,"Clem Ps 147 = Heb 147,12-20 renumerado 1-9; mismo caso que el Ps 115"
Psalmi,15,11,11,15,-1,0,"Clem Ps 15,10 funde los vv. 10 y 11 modernos (Notas mihi fecisti vias vitae)"
Actus Apostolorum,7,56,60,7,-1,0,"Clem funde Hch 7,55-56 en el v. 55; de ahi en adelante va un versiculo por detras"
Malachias,3,19,24,4,-18,0,"Ml 3,19-24 moderno = Ml 4,1-6 en la Vulgata, que conserva el cuarto capitulo"
Marcus,4,41,41,4,-1,0,"Clem Mc 4,40 funde los vv. 40 y 41 modernos"
Joel,4,1,21,3,0,0,"El hebreo divide Joel en 4 capitulos y la Vulgata en 3: Jl 4 moderno = Jl 3 de la Vulgata"
Zacharias,2,5,17,2,-4,0,"Za 2,1-4 moderno = Za 1,18-21 en la Vulgata, asi que el resto del capitulo va 4 versiculos por delante"
Zacharias,2,1,4,1,17,0,"Za 2,1-4 moderno = Za 1,18-21 de la Vulgata"
Exodus,40,16,38,40,-2,0,"La Vulgata funde versiculos en Ex 40: comprobado con el castellano, moderno 16-21 = Clem 14-19 y moderno 34-38 = Clem 32-36"
Joannes,6,51,51,6,0,1,"La Clementina PARTE el Jn 6,51 moderno en dos versiculos (51 y 52): hay que tomar los dos"
Joannes,6,52,71,6,1,0,"Consecuencia de la particion anterior: de Jn 6,52 moderno en adelante la Clementina va un versiculo por delante"
Marcus,9,1,1,8,38,0,"Mc 9,1 moderno es Mc 8,39 en la Vulgata: ahi esta el corte de capitulo"
Marcus,9,2,50,9,-1,0,"Consecuencia del corte anterior: todo Mc 9 moderno va un versiculo por delante de la Clementina"
Matthæus,17,22,27,17,-1,0,"Comprobado con el castellano: Mt 17,22 moderno = Clem 17,21 y 17,27 = Clem 17,26"
Genesis,50,23,26,50,-1,0,"Comprobado con el castellano: Gn 50,24 moderno = Clem 50,23 y 50,26 = Clem 50,25"
Psalmi,55,12,14,55,-1,0,"Comprobado con el castellano: el Sal 55 del leccionario va un versiculo por delante desde el v. 12"
Psalmi,95,14,14,95,-1,0,"La Clementina cierra el Sal 95 en el v. 13; el leccionario parte ese versiculo en 13 y 14"
Ecclesiasticus,3,2,6,3,1,0,"Comprobado con el castellano (Sagrada Familia): Si 3,2 moderno = Clem 3,3"
Ecclesiasticus,3,12,13,3,2,0,"Comprobado con el castellano: Si 3,12 moderno = Clem 3,14"
Ecclesiasticus,3,14,14,3,2,1,"Si 3,14 moderno se reparte entre Clem 3,16 y 3,17"
Osee,2,1,2,1,9,0,"Os 2,1-2 moderno = Os 1,10-11 en la Vulgata"
Osee,2,3,25,2,-2,0,"Comprobado con el castellano: Os 2,16 moderno = Clem 2,14 y 2,21-22 = Clem 2,19-20"
Ecclesiasticus,24,1,1,24,0,1,"Si 24,1 moderno abarca Clem 24,1-2"
Ecclesiasticus,24,2,2,24,1,1,"Si 24,2 moderno abarca Clem 24,3-4"
Ecclesiasticus,24,8,12,24,4,0,"Comprobado con el castellano: Si 24,8 moderno = Clem 24,12"
Actus Apostolorum,14,19,28,14,-1,0,"Comprobado con el castellano: Hch 14,19 moderno = Clem 14,18 y 14,28 = Clem 14,27"
